Stock No,TICKER,CUSIP,Avg CashFlow,Avg Lev Ratio (BV),Avg Lev Ratio (MV),Avg Earnings
1,AIR,361105,349.5,0.4,0.6,36.4
2,AAL,02376R102,-4431.2,0.7,9.9,-361.4
3,CECE,125141101,-114.2,0.4,0.5,2
4,AVX,2444107,1721.4,0,0,118.2
5,AAN,2535300,-1060.5,0.2,0.2,82.2
6,WDDD,98159J101,-32.1,-1.2,0.3,-1.6
7,ACET,4446100,374.2,0.1,0.1,12.8
8,ACMTA,4616207,-8.3,0.1,0.5,2.2
9,ACU,4816104,38.5,0.4,0.4,3
10,RWC,759525108,36.3,0.2,0.4,1.6
11,AE,6351308,391.1,0,0.1,9.2
12,AMD,7903107,4852.6,0.9,0.8,-502
13,ASMIY,N07045102,1968.8,0.2,0.2,137.7
14,AEM,8474108,1802.8,0.2,0.1,19
15,APD,9158106,-1209.4,0.4,0.2,800.8
16,AIRT,9207101,86.9,0.1,0.1,2.2
17,ALAN,11612702,-11.9,0.1,0.1,-3.3
18,ALK,11659109,7400.6,0.4,0.9,161.9
19,ATRI,49904105,144.7,0.1,0.1,15.4
20,MATX,57686G105,1216.3,0.3,0.3,87.9
21,AGMJF,15644107,1268.7,0.2,0.3,35.2
22,ALCO,16230104,5.6,0.5,0.3,8.5
23,SWKS,83088M102,2205.1,0.1,0.1,103.1
24,HES,42809H107,28806.2,0.3,0.4,1349.7
25,ABLT,24591406,-121.2,0.2,1.3,-1.3
26,ABM,957100,422.9,0.1,0.1,60.5
27,ECOL,91732J102,-204.4,0.2,0.2,17.4
28,AXP,25816109,18831.2,0.5,0.8,3711.7
29,HAIPF,M52514102,24.1,0.4,0.8,7.2
30,AMS,29595105,-88,1.2,2.5,0.6
31,AMSWA,29683109,196.3,0,0,6.2
32,AVD,30371108,-135.2,0.3,0.2,14.1
33,AME,31100100,2826.3,0.4,0.2,265.1
34,AMGN,31162100,11977.5,0.4,0.2,3369.6
35,AP,32037103,590.7,0,0.1,11.3
36,ADI,32654105,-3878.1,0.1,0,541.5
37,ALOG,32657207,569.9,0,0,22.5
38,ANDR,34393108,-69.5,0,0,-3.4
39,ANDE,34164103,-127.4,0.3,0.7,43.3
40,NBR,G6359F103,-2549.9,0.6,0.7,236.7
41,APA,37411105,-810.5,0.3,0.2,-217.2
42,APOG,37598109,884.8,0.1,0.1,26.6
43,AAPL,37833100,-4112.5,0,0,14541.8
44,AMAT,38222105,7328.1,0.1,0,925.8
45,ATU,00508X203,2508.3,-0.2,0.5,62.1
46,TREC,894648104,93.6,0.2,1.2,5.9
47,AOXY,00754B301,0,0.1,0.3,0
48,ADM,39483102,-3095.7,0.3,0.4,1299.8
49,ARCB,03937C105,833.8,0.1,0.1,29.7
50,ARW,42735100,-8708.5,0.4,0.6,215.4
51,ARTW,43168103,-6.6,0.3,0.3,0.8
52,AB.H,43420108,20.8,-1.7,18.4,-1.4
53,ASH,44186104,3781.2,0.3,0.5,370.8
54,ALOT,04638F108,39,0,0,3.2
55,ATRO,46433108,-121.4,0.3,0.2,15.9
56,REX,761624105,747.1,0.2,0.5,23.9
57,ADSK,52769106,5572.7,0.1,0,156.2
58,ADP,53015103,62317.3,0,0,1210.3
59,AVHI,00234P102,-899.9,0.4,0.5,-6.4
60,AVY,53611109,968.1,0.3,0.2,200.6
61,AVT,53807103,-3358.5,0.3,0.4,179.9
62,AVP,54303102,7444.4,0.5,0.3,363.4
63,AZZ,2474104,-168.5,0.4,0.3,31.8
64,BMI,56525108,-208.8,0.1,0.1,18
65,BCPC,57665200,434.8,0.1,0,24
66,BLL,58498106,-438.1,0.7,0.5,294
67,B,67806109,-392.2,0.4,0.4,77.1
68,BRN,68221100,59,0.3,0.4,1.2
69,ABX,67901108,-3843.8,0.3,0.3,-594.4
70,BSET,70203104,-10.9,0.1,0.2,4.8
71,BAX,71813109,13862.5,0.4,0.2,1445.3
72,AIT,03820C105,60.6,0.1,0.1,67.6
73,BDX,75887109,-979.1,0.3,0.1,871.5
74,BELFB,77347300,46.5,0.1,0.1,10.7
75,VZ,92343V104,-61093.8,0.4,0.5,6324.8
76,BCE,05534B760,-45756.2,0.5,0.5,2289.8
77,BMS,81437105,-1479.4,0.4,0.3,175.2
78,BBY,86516101,12621.3,0.1,0.1,704.1
79,BIO,90572207,3213.6,0.3,0.2,100.4
80,NIMU,655366508,2.2,-1,0,-0.9
81,HRB,93671105,5223.1,0.3,0.2,360
82,ESV,G3157S106,2894.4,0.3,0.3,176.2
83,BRRE,96005301,10.2,0.5,0.7,-0.4
84,BOBE,96761101,-2247.7,0.2,0.2,46.7
85,BA,97023105,-5437.5,0.2,0.2,2957.1
86,RHI,770323103,-79.3,0,0,181.4
87,RFP,76117W109,-430,0.5,19.8,-203.8
88,BWL.A,102565108,4.2,0,0,3.1
89,BRC,104674106,-211.9,0.2,0.2,40.5
90,BRID,108763103,-25.7,0,0,2.1
91,BGG,109043109,-172.6,0.3,0.3,54.3
92,BMY,110122108,17275,0.3,0.1,3410.9
93,BF.B,115637209,-493.8,0.2,0.1,461.9
94,CAL,129500104,784.4,0.2,0.3,31.4
95,BC,117043109,3021.9,0.3,0.4,62.1
96,UIS,909214306,1226.9,0.3,0.6,-49.5
97,BUKS,123720104,23.1,0.4,0.5,0.8
98,CAE,124765108,1272.5,0.3,0.3,127.5
99,ACXM,5125109,850.3,0.5,0.3,28.1
100,CI,125509109,2262.5,0.1,0.2,1195.1
101,CSS,125906107,-102.8,0.1,0,16.9
102,CNA,126117100,306.2,0,0.3,320
103,CSPI,126389105,-9.9,0,0,0.2
104,CSX,126408103,-3293.8,0.4,0.6,1198.6
105,CTS,126501105,671.1,0.2,0.2,13.4
106,CVV,126601103,82.2,0.2,0.3,0.6
107,CBT,127055101,781.2,0.3,0.3,116.3
108,CACI,127190304,2777.2,0.3,0.3,91.2
109,CAMP,128126109,665.9,0.2,0.2,-2.6
110,CWT,130788102,567.8,0.4,0.5,33.6
111,CPB,134429109,975,0.6,0.2,734.2
112,MLFNF,564905107,312.2,0.5,0.6,132.1
113,CNI,136375102,-11737.5,0.4,0.3,1888.1
114,CDNAF,136681202,2167.3,0.3,0.4,382.6
115,STZ,21036P108,-1356.5,0.8,0.7,375.3
116,CPTP,140430109,-40.6,0.5,0.1,1.2
117,CAH,14149Y108,25076.9,0.2,0.2,1080.8
118,CSL,142339100,2561.2,0.3,0.2,152.1
119,ASWRF,40281L109,-1.3,0,0,-1.7
120,CRS,144285103,-362.5,0.3,0.4,88.3
121,CASY,147528103,222.2,0.4,0.2,90.3
122,CTAM,148411309,-177.7,0.5,1.3,-19.5
123,CAT,149123101,17087.5,0.8,0.7,2691.8
124,CATO,149205106,-114.5,0,0,48
125,RFIL,749552105,31.8,0,0,1.3
126,CTNR,15459P108,21.2,0.1,0.1,0.5
127,CSTW,155411101,130.6,0.1,0.2,6.7
128,CTL,156700106,-17086.5,0.7,0.8,493.9
129,MGLN,559079207,1769.6,-1.2,53,58.1
130,CMD,138098108,370.6,0.2,0.1,19.2
131,CHE,16359R103,-436.3,0.3,0.2,54.4
132,CLSN,15117N503,30.7,0.3,0.1,-11.3
133,CVX,166764100,94656.2,0.1,0.1,14490.7
134,CVR,168088102,-3.9,0,0,1.2
135,EAT,109641100,759.1,0.6,0.2,150.8
136,CHD,171340102,-133.5,0.4,0.2,208.5
137,CHDN,171484108,-787.7,0.3,0.2,35.6
138,CBB,171871502,-3981.9,16.5,2.6,-173.1
139,CTAS,172908105,10910.8,0.3,0.2,317.3
140,IHRT,45174J103,-4006.8,-1.2,41.7,-1792.3
141,CLF,185899101,578.1,15.5,1.1,-260.9
142,CLX,189054109,1166.7,0.9,0.2,537.4
143,COKE,191098102,2357.6,1.1,1.8,25.9
144,KO,191216100,25418.8,0.2,0.1,6211.7
145,CDE,192108504,1328.5,0.6,0.9,-139.2
146,COHR,192479103,-477.5,0,0,34.8
147,COHU,192576106,379,0,0,4.5
148,CL,194162103,2877.5,0.7,0.1,1740.5
149,CCOM,12504V107,-38.8,0.1,0.5,-0.5
150,CCF,16150R104,187.7,0.2,0.2,10.5
151,CMRO,200080109,-30.5,0,0,-2.5
152,CMCSA,20030N101,11357.5,0.4,0.5,3509.8
153,CMC,201723103,120.4,0.4,0.6,107.5
154,JCS,203900105,-44.6,0,0,3.7
155,CA,12673P105,22200,0.2,0.2,348.7
156,DXC,23355L106,1196,0.3,0.3,249
157,CTG,205477102,128,0,0.1,3.2
158,CMTL,205826209,1563,0.3,0.2,33.5
159,CAG,205887102,-15035,0.6,0.4,563.4
160,RAVE,754198109,63.5,0.6,0.2,0.5
161,CTWS,207797101,237.6,0.4,0.4,11.7
162,BH,08986R101,133.7,0.4,0.4,25.2
163,CUO,211615307,-16,0.1,0.3,1.2
164,CTB,216831107,1622.1,0.3,0.5,94.9
165,COO,216648402,61.5,0.3,0.3,118.5
166,TAP,60871R209,73043,0.3,0.3,383.4
167,CBYDF,218349108,270.9,0.5,0.1,33.3
168,GLW,219350105,-36828.1,0.2,0.2,1059.5
169,CBRL,22410J106,122,0.6,0.4,102.6
170,CR,224399105,2876.1,0.2,0.2,117.6
171,CRD.A,224633206,199.7,0.2,0.5,14.5
172,CCK,228368106,-1468.8,1,2.3,60.6
173,CRWS,228309100,289.9,-5.3,3.9,0.1
174,CUB,229669106,2707.7,0.1,0.1,41.2
175,CULP,230215105,391,0.3,0.5,1
176,CMI,231021106,1800,0.2,0.3,790.1
177,CW,231561101,1495.2,0.3,0.3,92.4
178,GTBP,36254L100,-20.6,-0.6,0.2,-6
179,DST,233326107,-1460.6,0.5,0.3,336.4
180,WEN,95058W100,-2368.3,0.7,0.7,19.6
181,DHR,235851102,15813.3,0.2,0.1,1441.4
182,DAIO,237690102,39.8,0,0,-0.4
183,DWSN,239360100,202.4,0,0,3.6
184,TGT,8.76E+110,-14818.8,0.5,0.4,2163.6
185,DE,244199105,-3133.7,0.8,0.8,1690.4
186,DAL,247361702,-22562.5,0.6,8.1,-501.1
187,DLX,248019101,776.8,1.2,0.4,164.3
188,ATGE,00737L103,1760.5,0.1,0,116.5
189,DEWY,252063102,2,0.1,0.1,0.1
190,AOI,18772301,2580.8,0.7,2.6,-15.9
191,DBD,253651103,6672.1,0.2,0.2,67.3
192,NSYS,656553104,-9.1,0.3,0.5,0.8
193,DDS,254067101,2046.1,0.4,1.1,121.7
194,DIOD,254543101,924.8,0.3,0.3,31.9
195,DIS,254687106,-1956.2,0.3,0.2,3775.6
196,DXYN,255519100,-469.4,0.6,1.9,-3.8
197,WFSTF,958211203,-848.3,-0.6,14.1,-42.7
198,DCI,257651109,-125.4,0.2,0.1,156.4
199,RRD,257867200,4230,0.6,0.8,61.7
200,DMLP,25820R105,-110.9,0,0,31.5
201,DOV,260003108,2732.7,0.3,0.2,568
202,DWDP,26078J100,33143.8,0.4,0.4,2509.2
203,OMC,681919106,13320.1,0.2,0.2,839.8
204,ASNA,04351G101,11072,0.1,0.1,65
205,DCO,264147109,-380.3,0.3,0.6,4.9
206,DNB,2.65E+104,1923.3,1.5,0.2,231
207,FLS,34354P105,-3278.8,0.4,0.4,245.8
208,DYNT,268157401,12.8,0.2,0.3,-0.5
209,DYSL,268102100,13.6,0.5,0.7,-0.2
210,PKI,714046109,-1788.4,0.3,0.2,115.8
211,EML,276317104,-76.5,0.2,0.2,5.7
212,ETN,G29183103,-6787.5,0.3,0.3,953.5
213,ECL,278865100,-3910.9,0.3,0.1,502.6
214,EDUC,281479105,34.9,0,0,1.7
215,ESIO,285229100,47.6,0.1,0,-4.7
216,ELSE,285233102,-14.8,0,0,0.9
217,ELRNF,290160100,146.8,0.1,0.2,5.4
218,EMR,291011104,2736.2,0.2,0.1,1745.9
219,WFT,G48833100,8960,0.4,0.4,66.9
220,EBF,293389102,-467.4,0.2,0.2,19.9
221,ENZN,293904108,-751.7,5.2,0.5,21
222,ETCC,294092101,-65.6,0.5,0.9,-1.1
223,ENZ,294100102,-193.6,0,0,-9.2
224,EFX,294429105,7579.5,0.6,0.2,259.3
225,ESCA,296056104,57.4,0.1,0.1,7.3
226,ESP,296650104,26.4,0,0,2.3
227,ESL,297425100,852.8,0.3,0.4,80.7
228,NEU,651587107,213.8,0.5,0.9,114.2
229,ESCC,299096107,-119,0.2,2.4,-10.1
230,KINS,496719105,82.6,0.2,0.4,1.5
231,EXPD,302130109,3713.6,0,0,261.1
232,BOOM,23291C103,-7.1,0.3,0.4,6.7
233,IIIN,45774W108,-201.7,0.3,2.7,9.2
234,XOM,30231G102,43287.5,0,0,29358.1
235,FMC,302491303,-768.1,0.4,0.3,186.5
236,FARM,307675108,190.4,0,0,0.1
237,FDX,31428X106,25550.6,0.2,0.1,1290.8
238,RUSMF,781903604,-16.6,0.3,0.5,74.7
239,FSCR,313819104,20.2,0.2,1.5,0.2
240,FSS,313855108,204.5,0.4,0.4,15.5
241,M,55616P104,-856.2,0.5,0.7,506.4
242,FOE,315405100,-152.7,0.5,0.6,-3.3
243,CLBS,128058203,240.9,-0.4,0.1,-22.5
244,FCIC,30246C104,-10.5,0,0,0
245,BDL,338517105,19,0.2,0.4,1.5
246,MALJF,558912200,-449.4,0.2,1.1,26.3
247,FLXS,339382103,-61,0,0.1,9.3
248,FLO,343498101,-1475,0.2,0.1,94.9
249,FLR,343412102,10726,0.1,0,379.9
250,FONR,344437405,-85.5,0.1,0.1,-6.4
251,F,345370860,81881.2,1,5.8,1582.4
252,FSTR,350060109,180.7,0.2,0.4,15.1
253,FELE,353514102,137.3,0.2,0.1,47.8
254,FRD,358435105,38.8,0,0,4.4
255,FUL,359694106,571.8,0.3,0.2,69.7
256,GATX,361448103,-3022.5,1.3,1.9,123.3
257,AJG,363576109,2764.1,0.1,0.1,164
258,TGNA,87901J105,-12598.8,0.6,0.6,424.3
259,GPS,364760108,-242.1,0.2,0.1,934.6
260,AJRD,7800105,1518.1,0.6,0.9,-7.6
261,GNDIF,368684106,288.6,0,0.1,-0.9
262,GE,369604103,-82262.5,0.8,1.2,13883.9
263,JOB,36165A102,40.9,0,0,-1.3
264,SPXC,784635104,-563.7,0.3,0.5,232.1
265,GNTX,371901109,1537.4,0,0,138.1
266,GPC,372460105,467.1,0.1,0.1,466.8
267,GIGA,375175106,-18.5,0.1,0,-1.5
268,GLT,377316104,463.6,0.3,0.4,49.1
269,GDRZF,38068N108,266.6,2.8,0.3,-21.5
270,GV,381370105,9.5,0.2,0.3,1.4
271,GT,382550101,7243.7,0.4,1.6,113.7
272,GRA,38388F108,-908.1,0.2,0,72.5
273,GGG,384109104,-429.5,0.2,0.1,136.3
274,GHM,384556106,115.3,0,0,6.6
275,GWW,384802104,-1800.8,0.1,0,461
276,GTN,389375106,3813.5,1.5,5.7,-3.5
277,GEF,397624107,-594.1,0.4,0.5,115.3
278,GLF,402629505,91,0.5,0.8,30
279,HAL,406216101,47418.8,0.3,0.2,1354
280,HRS,413875105,1155.3,0.3,0.2,255.6
281,HSC,415864107,-3110.2,0.4,0.5,61.2
282,HAS,418056107,3251,0.4,0.3,239.2
283,AMOT,19330109,165,0.2,0.2,2.9
284,HVT,419596101,-93.3,0.2,0.2,15.2
285,HWKN,420261109,-108,0,0,14.2
286,HCSG,421906108,-172.2,0,0,26.4
287,STRL,859241101,16.2,-0.2,0.9,-2.1
288,HL,422704106,1042.8,0.1,0.3,8.4
289,HELE,G4388N106,-91.1,0.3,0.3,64.8
290,HP,423452101,2541.8,0.1,0.1,314.8
291,HMENF,423630102,-7.1,0,0,-1.8
292,HSY,427866108,193,0.5,0.1,499.2
293,HPQ,40434L105,18087.5,0.2,0.2,3684.5
294,HXL,428291108,643.1,1,0.8,67
295,HICKA,428839104,0.1,0,0,-0.6
296,HFC,436106108,6126.9,0.1,0.2,360.4
297,PNK,72348Y105,758,2,1.8,-47.5
298,HD,437076102,-28637.5,0.3,0.1,4375.2
299,HOFD,43739D307,290.3,0.9,0.1,11.2
300,HNI,404251100,-181.4,0.2,0.1,78.5
301,HPHW,439104209,-219.2,0,0,-10.3
302,HRL,440452100,-441.8,0.1,0.1,350.9
303,HOV,442487203,-597.1,16,3.5,-64.6
304,HUBB,443510607,3098.7,0.2,0.1,199.2
305,JBHT,445658107,-2189.7,0.4,0.2,203.2
306,HURC,447324104,444.2,0.1,0.2,8.5
307,HBP,448451104,242.5,0.4,1.2,-1.5
308,IEC,44949L105,-120.6,0.5,1,-2.9
309,ITT,45073V108,6421.9,0.1,0.1,418.5
310,ITW,452308109,10269.9,0.2,0.1,1586.2
311,TLGT,87960W104,590.1,0.4,0.2,-0.9
312,IMMU,452907108,-173.1,1,0.1,-13.3
313,IMO,453038408,-17587.5,0.1,0.1,2436.2
314,IEHC,44949K107,11.2,0,0.1,0.8
315,IR,G47791101,-2268.1,0.3,0.3,669
316,AEGN,00770F104,1097.2,0.3,0.3,20
317,GFF,398433102,118.6,0.4,0.6,19.9
318,IDTI,458118106,-1149.5,0,0,-28.8
319,INTC,458140100,58787.5,0.1,0,7912.5
320,INS,45816D100,103.6,0,0,1.4
321,INRD,45779C107,-13.5,0.5,0.6,-0.6
322,ITDN,458661204,0,0,0,0
323,TILE,458665304,683.4,0.7,0.8,-1.6
324,IBM,459200101,27806.2,0.3,0.2,11124.9
325,IFF,459506101,-4084.1,0.5,0.2,240.5
326,NAV,6.39E+112,0,1.3,2.2,-135.1
327,IDCC,45867G101,1052.6,0.1,0.1,72.5
328,IP,460146103,-10993.8,0.6,0.8,418.2
329,ISCA,460335201,1165.5,0.3,0.2,52.5
330,ENB,29250N105,4908.8,1,0.8,788.5
331,IPG,460690100,-1312.7,0.2,0.4,105.7
332,ISRL,465141406,90.8,1.2,0.4,-1.4
333,AXE,35290105,-673.1,0.4,0.4,121
334,JEC,469814107,1373.5,0,0,248.2
335,EME,29084Q100,2787.6,0.1,0.1,92.4
336,JNJ,478160104,40650,0.1,0,10590.5
337,JCI,G51502105,-2657.5,0.2,0.2,948.7
338,KLAC,482480100,1717.5,0.2,0.1,336.5
339,SHLD,812350106,5881.2,0.2,1.8,-628.4
340,PNRG,7.42E+108,-147,0.9,0.9,6.5
341,KAMN,483548103,-480.3,0.2,0.2,32
342,KSU,485170302,-1003.7,0.5,0.6,209.1
343,KATYQ,486026107,215.5,0.2,1.3,-15.2
344,K,487836108,279.4,0.8,0.3,962.5
345,KELYA,488152208,-263.7,0,0,25.1
346,KMT,489170100,1043.7,0.3,0.3,72.1
347,IHRC,461556102,6.7,0,0.2,1.4
348,KEQU,492854104,31.1,0,0.1,2.1
349,KBAL,494274103,182.8,0,0,18.5
350,KMB,494368103,-1335.6,0.4,0.1,1681.8
351,KEX,497266106,-117.2,0.3,0.2,127
352,KOSS,500692108,35.6,0,0,3.1
353,KR,501044101,3262.5,0.6,0.5,1025.7
354,KLIC,501242101,1646.8,0.8,0.5,18.8
355,LYTS,50216C108,94,0,0,5.3
356,LXU,502160104,-427.5,1.1,1.4,22.3
357,XCRA,98400J108,-723.5,0.3,0.2,-24.2
358,LZB,505336107,704.5,0.1,0.1,28.8
359,LRCX,512807108,19166.1,0.2,0.1,271.3
360,LANC,513847103,970.1,0,0,89
361,LNCE,833551104,5751,0.2,0.1,40.3
362,LAWS,520776105,97.3,0,0,2.3
363,LEE,523768109,-585.3,2.9,5,-19.1
364,LEG,524660107,-1104.4,0.4,0.2,195.7
365,LEN,526057104,5490.6,0.7,0.9,259.9
366,LEFUF,526682109,-630.7,0.1,0.1,54
367,LCAR,526867106,-2.6,0,0,-0.2
368,LUK,527288104,22922.6,0.3,0.5,283.4
369,LLY,532457108,12802.5,0.3,0.1,2859.9
370,LB,501797104,3052.7,0.9,0.3,701.4
371,LECO,533900106,2578.5,0.1,0.1,148
372,LBLCF,539481101,-4881.2,0.5,0.4,565.6
373,LMT,539830109,-543.8,0.3,0.2,2088
374,L,540424108,3956.3,0.1,0.6,1141.6
375,RRC,75281A109,-73.3,0.7,0.5,51.2
376,LPX,546347105,-1076.9,0.4,0.7,-2.1
377,LOW,548661107,-16423.6,0.3,0.2,2084.5
378,LUB,549282101,-134.5,0.2,0.3,-3.6
379,LDL,550819106,1248,0.1,0.1,9.3
380,LGL,50186A108,225,0.1,0.3,-1.2
381,MDC,552676108,526.5,0.5,0.5,70
382,MTSC,553777103,4114.5,0.1,0.1,32.6
383,PALDF,65704X109,-451.7,0.3,0.5,-47.6
384,MGA,559222401,10368.8,0,0.1,827.1
385,MTW,563571405,1374.1,0.6,0.8,21.8
386,MRO,565849106,25187.5,0.2,0.3,1911.9
387,MCS,566330106,202.8,0.5,0.6,27.8
388,HST,44107P104,-2960,1.3,1,220.9
389,MMC,571748102,9700,0.3,0.2,1043.7
390,MAS,574599106,320.8,0.8,0.5,254.4
391,MAT,577081102,1618.2,0.3,0.1,460.1
392,MXWL,577767106,-5.1,0.1,0,-11.3
393,MAYS,578473100,23.4,0.2,0.3,1
394,MKC,579780206,-3718.7,0.3,0.1,279.5
395,MDR,580037109,4258.5,0.1,0.3,65.5
396,MCD,580135101,-17555.6,0.6,0.2,3528.1
397,MGRC,580589109,-523.5,0.4,0.4,36.2
398,SPGI,78409V104,-437.2,0.2,0.1,729
399,MCRAA,582757209,77.7,0,0.1,3.6
400,MKTY,583538202,-152.8,0,0,-5
401,GENC,368678108,49.4,0.3,0.8,7
402,MDT,G5960L103,-1190,0.3,0.1,2481.2
403,PSSR,70285Y104,-6.8,-1.3,2.1,-0.1
404,CVS,126650100,-27526.3,0.2,0.1,2563.7
405,MRK,58933Y105,20758.1,0.2,0.1,6313.4
406,MDP,589433101,-570.5,0.3,0.2,95.2
407,MLAB,59064R109,94.6,0.1,0,5.2
408,MSB,590672101,8.1,0,0,18
409,MEI,591520200,993.2,0,0,26.5
410,EVI,29414M100,12.2,0,0,0.7
411,MXC,592770101,-12.8,0.2,0.2,0.2
412,SIEB,826176109,-103,0,0,-0.6
413,MU,595112103,25158.8,0.2,0.3,237.3
414,MPAD,595135104,74.3,0,0,1.3
415,MSCC,595137100,8279.7,0.2,0.1,21.7
416,MFCO,595176108,5,0,0.1,0
417,MSEX,596680108,-18.5,0.5,0.5,11.6
418,MKRS,598626307,14.8,0,0,0.1
419,MLHR,600544100,-115.6,0.5,0.2,70.1
420,MLLS,600548200,8.2,4.3,7.5,0.1
421,MSA,553498106,7.3,0.2,0.2,62.5
422,MMM,88579Y101,-11512.5,0.2,0.1,3477.4
423,MOD,607828100,2817.7,0.2,0.4,12.7
424,MCEM,609031307,-3,0.1,0.3,7.7
425,QDEL,74838J101,1058.6,0.2,0.1,5.2
426,MOG.A,615394202,1335.9,0.4,0.5,90.6
427,MSI,620076307,1037.5,0.3,0.2,431
428,MUR,626717102,-673.6,0.2,0.2,560.2
429,INTG,458685104,-4.7,2.1,2.7,0.6
430,MYE,628464109,9.2,0.5,0.5,7.4
431,NCR,6.29E+112,-3650,0.2,0.2,168.2
432,NL,629156407,741.6,0.1,0.1,52.6
433,BMRA,09061H307,7.8,0,0,-0.1
434,NANO,630077105,-229.5,0,0.1,-5.4
435,NSSC,630402105,-34,0.4,0.5,1.4
436,NATH,632347100,284.4,-0.3,0.1,4.1
437,NHC,635906100,130.5,0.1,0.1,38.6
438,THC,88033G407,10653.3,1.2,2.6,-198.1
439,GPX,36225V104,64.7,0.1,0.1,8.5
440,NPK,637215104,316,0,0,31.8
441,HLNFF,429695109,-332.2,0.4,0.6,14.5
442,NATR,639027101,257.9,0,0,8.9
443,CRMZ,225426105,42.3,0.1,0.2,0.3
444,NULM,649060100,-75.3,0.5,0.8,5.1
445,NYT,650111107,1269.6,0.3,0.3,124.2
446,NWL,651229106,46055.5,0.6,0.4,229.9
447,NEM,651639106,6794.9,0.3,0.3,319.2
448,NR,651718504,398.3,0.4,0.4,21.8
449,NKE,654106103,7815.6,0.1,0,1788.2
450,NOBH,654892108,62.9,0,0,2
451,NBL,655044105,1410.7,0.3,0.3,387
452,NROM,655107100,-2.4,1.3,0.4,0.8
453,NDSN,655663102,-409.2,0.3,0.1,107
454,JWN,655664100,434.9,0.5,0.3,489
455,NSC,655844108,3918.8,0.4,0.6,1254.2
456,NC,629579103,96.9,0.4,0.9,25.3
457,MOV,624580106,1142.8,0.1,0.1,24
458,NOC,666807102,8306.7,0.2,0.3,1298.4
459,TEX,880779103,1656.2,0.5,1,146.9
460,NEWT,652526203,-150.7,0.4,0.7,5.4
461,OXY,674599105,19106.2,0.2,0.2,2939.5
462,OBCI,674631106,-1.5,0.3,0.5,0.7
463,OII,675232102,1517,0.2,0.1,166.6
464,ITI,46564T107,-71.9,0.1,0.1,-4.3
465,BRS,110394103,1145.3,0.4,0.5,76.1
466,ODC,677864100,70.4,0.3,0.3,6.7
467,OLN,680665205,563.7,0.3,0.4,86.1
468,ORBK,M75253100,256.7,0.1,0.1,12.8
469,ORBT,685559304,-16.5,0.1,0.3,0
470,OSG,69036R863,-1345.3,0.6,1.2,52.5
471,OMI,690732102,222.7,0.3,0.3,76.1
472,OC,690742101,-7000,0.3,2.3,144.9
473,OI,690768403,-604.4,0.9,1.8,4.2
474,OXM,691497309,771.9,0.3,0.3,20
475,PFIN,692830508,-111.9,0.2,0.7,0.9
476,PPG,693506107,2756.2,0.3,0.2,917.1
477,PCAR,693718108,3408.8,0.3,0.3,884.5
478,UWN,64126Q206,16.6,0.8,0.6,1.7
479,PAR,698884103,-7.7,0,0.1,-0.7
480,PARF,699058103,51.2,0,0.1,0.7
481,PKE,700416209,476.1,0.1,0.1,12.2
482,PKD,701081101,250.1,0.9,1.3,-2
483,PH,701094104,3010.5,0.2,0.2,669
484,PATK,703343103,432.5,0.4,1,3
485,GDP,382410843,356,0.8,2.3,-90.7
486,PAYX,704326107,-540.8,0,0,484.6
487,PVAC,70788V102,135.1,0.3,4.1,-127.2
488,JCP,708160106,7187.5,0.5,1,9.3
489,PNR,G7S00T104,-1908.9,0.4,0.3,141
490,PEP,713448108,52662.5,0.3,0.1,5003.1
491,TPC,901109108,-169.5,0.1,0.4,32.7
492,PDCE,69327R101,7689.8,0.3,0.4,24.4
493,PHIIK,69336T205,927.4,0.6,1,15
494,PFE,717081103,-12418.8,0.1,0.1,9946.9
495,WTR,03836W103,-350.7,0.5,0.4,120.7
496,MO,02209S103,-60693.8,0.4,0.2,7093.2
497,COP,20825C104,9300,0.3,0.3,5546.3
498,PVH,693656100,1307.2,0.4,0.4,175.6
499,PIR,720279108,466.1,0.1,0.7,44.9
500,AGYS,00847J105,-101.7,0.2,0.2,-5
501,PBI,724479100,8088.4,0.8,0.7,415.4
502,PW,73933H101,3.9,0.1,0.1,0.4
503,PLT,727493108,1904.8,0.1,0,70.1
504,KGC,496902404,5900.6,0.1,0.3,-634.6
505,POLXF,731728200,2.6,0.2,0.5,-0.3
506,PCH,737630103,-1237,0.7,0.4,40.6
507,POWL,739128106,464.6,0.1,0.1,16.7
508,PG,742718109,-33386.7,0.3,0.1,8671.9
509,PHM,745867101,5867.5,0.5,0.7,144.4
510,PCYO,746228303,224.9,0.1,0.1,-5
511,AGX,4.01E+112,950.8,0,0.1,9.2
512,KWR,747316107,305.6,0.2,0.2,25.4
513,QSII,747582104,-473.3,0,0,28.9
514,ASYS,32332504,146.1,0,0,-1.8
515,QTM,747906501,-1926.4,0.9,0.7,-48.1
516,RCMT,749360400,-91.4,0.1,0.1,-3
517,RES,749660106,278.5,0.1,0,90.8
518,USLM,911922102,158.9,0.6,0.6,11
519,RAVN,754212108,101.6,0,0,26.1
520,RTN,755111507,1712.5,0.3,0.3,1235.4
521,IHT,457919108,3.6,2.8,4.1,-1.2
522,RGS,758932107,185.7,0.4,0.4,22.7
523,RTMAF,759404205,374.1,0.1,0,48.4
524,RLBY,759903107,-84.3,-0.1,0,-1.6
525,AN,05329W102,136.9,0.2,0.4,247.8
526,RELL,763165107,33,0.4,0.5,5.6
527,DSVTF,255371205,-15.6,0.2,1.1,-3
528,RSKIA,767720204,17.8,0,0,2.4
529,RAD,767754104,2302.3,2.7,3.9,-226.6
530,ROK,773903109,9199.4,0.2,0.1,594.1
531,RCI,775109200,-17382.2,1.2,0.7,813.2
532,ROG,775133101,1832.5,0.1,0,28.3
533,ROL,775711104,109,0,0,79.3
534,ROST,778296103,-815.1,0,0,446.1
535,RDC,G7665A101,987.6,0.3,0.4,217.5
536,RGLD,780287108,5936.2,0.1,0,31.6
537,R,783549108,680.6,0.7,1.2,174.9
538,PGNT,69912T108,3.1,0.1,0.1,0.5
539,SJW,784305104,137.3,0.4,0.5,23.3
540,PVCT,74373P108,126.2,0,0,-11.3
541,SFE,786449207,-3107.7,0.4,0.5,-61.7
542,SLB,806857108,-19889.8,0.3,0.1,3075.1
543,SCHL,807066105,185.6,0.3,0.3,63.6
544,SHLM,808194104,-378.9,0.2,0.3,29.6
545,LTTC,518414107,-11.2,-2.6,0.5,-2.4
546,SCND,808757108,-0.4,0,0,0.2
547,SLGD,810202101,36.1,0.2,1,-0.4
548,SEB,811543107,1166,0.2,0.3,185.3
549,APPS,25400W102,17.1,-1.1,3.6,-22.6
550,LPTC,52186M108,-36.8,-0.5,1.1,-1
551,SEE,81211K100,-12.2,0.7,0.6,96.8
552,IIN,46121H109,39.8,0.2,0.3,-1.8
553,SMTC,816850101,-1608.4,0.3,0.1,28.1
554,SCI,817565104,2900.5,0.3,1.3,-37.7
555,SVT,817732100,16.3,0.3,0.4,1.2
556,SAWLF,820439107,732.1,0.1,0.1,84.3
557,SHEN,82312B106,4172.5,0.4,0.3,19.5
558,SHW,824348106,827.9,0.2,0.1,494.2
559,SIF,826546103,-63.1,0.1,0.3,2.1
560,MUX,58039P107,154.9,0,0,-56.7
561,PVSP,715709200,-34.4,0.1,7.1,-2.2
562,SKY,830830105,79.7,0,0,-4.3
563,AOS,831865209,1297.9,0.2,0.3,112.1
564,SJM,832696405,-4048.1,0.3,0.2,294.5
565,SNA,833034101,754.4,0.3,0.2,199.9
566,SODI,834256208,21.4,0,0,0.7
567,SON,835495102,618,0.4,0.3,180
568,PES,723664108,39.9,0.4,0.7,-7.5
569,AWR,29899101,-30.7,0.4,0.5,33.5
570,LUV,844741108,-2768.8,0.2,0.2,575.5
571,T,00206R102,-64726.7,0.3,0.3,9609.2
572,SPAR,846819100,169.3,0.1,0.2,6.8
573,SPA,847235108,-295.8,0.1,0.1,2.3
574,STAA,852312305,8.5,0,0,-9.8
575,SMP,853666105,-124.1,0.2,0.4,13.5
576,SXI,854231107,554.9,0.3,0.3,25.8
577,SWK,854502101,2358.1,0.3,0.3,396.1
578,SCX,855668109,112.1,0,0.1,2.3
579,SCL,858586100,1154,0.3,0.4,39
580,SYK,863667101,38683.8,0.2,0,834.7
581,RGR,864159108,191.1,0,0,29.1
582,SVU,868536301,-5652.7,0.8,1.8,-217.5
583,SUP,868168105,-570.6,0,0,25.7
584,SGC,868358102,53,0.1,0.1,4.8
585,SBOW,82836G102,-318,0.6,6,-101.7
586,SYNL,871565107,-132.1,0.2,0.3,2
587,SYY,871829107,18720.5,0.3,0.1,903.3
588,TSRI,872885207,10.1,0,0,1.1
589,TAYD,877163105,27.6,0,0.1,1.3
590,TISI,878155100,251.9,0.4,0.2,16
591,TCCO,878409101,1.6,0,0,0.1
592,SSY,86737U102,-7.1,0.4,1.5,0.2
593,TECK,878742204,1926.7,0.3,0.6,867.8
594,ATI,01741R102,3203.7,0.3,0.4,140
595,TFX,879369106,1492,0.3,0.3,139.4
596,TDS,879433829,6210.9,0.4,0.7,205.4
597,TNC,880345103,278.8,0.1,0,23.6
598,TEN,880349105,1762.5,0.7,4,26.5
599,TER,880770102,2616.6,0.1,0.1,47.7
600,ANDV,03349M105,20600.6,0.4,1.1,407.2
601,TXN,882508104,-20062.5,0.1,0,2092.2
602,TPL,882610108,73.6,0,0,15.5
603,TMO,883556102,21937.3,0.3,0.2,782.4
604,THO,885160101,2512.2,0,0,106.1
605,TDW,88642R109,2866.2,0.2,0.7,145
606,SIX,83001A102,-2375.4,1.5,16.6,-29.7
607,TKR,887389104,-289.6,0.2,0.2,164.9
608,TOFB,88906B105,-5.8,0,0,0.3
609,TR,890516107,229.4,0,0,60.2
610,TTC,891092108,109,0.3,0.2,109.6
611,TTLO,891305104,15.1,0.6,0.5,0.3
612,TSS,891906109,13715.7,0.2,0.1,208.9
613,TNLX,893247304,-22.3,1,9,-2.7
614,TRP,89353D107,109131.2,0.9,0.8,1067.9
615,TRNS,893529107,41.5,0.3,0.4,1.4
616,TMED,896259306,-29.7,0,0.1,-1
617,TRN,896522109,1795.6,0.5,0.7,182.8
618,TRT,896712205,12.7,0.1,0.3,0.2
619,TWIN,901476101,83,0.1,0.3,9.9
620,TYL,902252105,-339,0,0,21.9
621,BTGI,120458203,41.6,-0.5,1.4,-2.3
622,TSN,902494103,-8456.2,0.4,0.6,395.6
623,UAL,910047109,-12093.8,0.4,4.4,-269.9
624,USG,903293405,-4768.8,0.7,0.7,-120.9
625,UNAM,904607108,32.6,0,0,2.2
626,UFI,904677200,187.6,0.4,0.9,-15.6
627,UNF,904708104,1671.8,0.2,0.2,62.7
628,UNP,907818108,-15887.5,0.3,0.3,2401
629,UNT,909218109,-753,0.1,0.2,49
630,UG,910571108,-25,0,0,3.4
631,UPS,911312106,15206.2,0.3,0.1,3043.9
632,UAMY,911549103,-4.5,1.4,0.1,-0.4
633,ESND,296689102,-1059.8,0.3,0.3,90
634,S,85207U105,76868.8,0.5,1.2,-2923.9
635,SGMS,80874P109,-2031.4,0.7,2.2,-98
636,SXT,81725T100,-551.1,0.4,0.3,86.4
637,UVV,913456109,1251.9,0.3,0.5,109.6
638,UUU,913821302,9.1,0,0,0.6
639,UHS,913903100,-885.5,0.5,0.4,292.3
640,CTTC,13126R102,-4.7,0,0,-2.4
641,UTMD,917488108,159.9,0.1,0.1,9
642,VFC,918204108,-1192.8,0.2,0.1,615.4
643,VSEC,918284100,-316.2,0.2,0.3,13.4
644,VMI,920253101,361.4,0.4,0.3,105
645,VAR,92220P105,4295.5,0.1,0,264.3
646,VECO,922417100,1236,0.3,0.2,5.4
647,VII,925811101,6.1,0,0.1,-1.5
648,VLGEA,927107409,136,0.2,0.3,18.5
649,VIRC,927651109,-43.4,0.2,0.2,-2.6
650,VSH,928298108,1789.9,0.2,0.3,-6.6
651,VISI,928703107,-229.2,0.1,0.1,-0.1
652,VMC,929160109,508.5,0.3,0.2,166.2
653,WDFC,929236107,234.8,0.3,0.1,30.8
654,WJXFF,930783105,-169.7,0.3,0.7,34.5
655,WMT,931142103,-63825,0.3,0.2,12467.1
656,WBA,931427108,33721.2,0.1,0.1,1891
657,GHC,384637104,4111.8,0.1,0.1,261.7
658,WSCI,92932Q102,20.8,0.5,0.6,0.5
659,WSO,942622200,-883.5,0.1,0.1,75.2
660,WMK,948849104,167.3,0,0,61.7
661,AGNU,00108M102,-1.1,0.3,0.3,-0.6
662,GBR,643611106,-20.2,1.1,3.7,-1
663,WST,955306105,931.2,0.4,0.3,60.3
664,WDC,958102105,96899.3,0.1,0.1,649.2
665,WLB,960878106,328.4,0.6,2,-30.4
666,WNGRF,961148509,3131.2,0.5,0.7,570.1
667,WEYS,962149100,-117.6,0,0,16.7
668,WY,962166104,-17325,0.6,0.6,508.9
669,WHR,963320106,2406.2,0.2,0.3,420.3
670,JW.A,968223206,314.6,0.3,0.2,126.1
671,WMB,969457100,-49678.8,0.6,1.3,274.3
672,WSM,969904101,-1151.8,0,0,182.7
673,WGO,974637100,459.6,0,0,32.9
674,WWW,978097103,1125.6,0.2,0.1,80.9
675,WWD,980745103,-630.8,0.3,0.2,94
676,FL,344849104,4925,0.1,0.1,210.8
677,WOR,981811102,1642,0.2,0.2,89.1
678,XRX,984121608,-6240,0.8,1.3,579.5
679,KEG,49309J103,1582.5,0.7,1.4,-45.7
680,YRCW,984249607,1058,0.7,5.4,-151.3
681,YORW,987184108,-10.4,0.4,0.4,7.2
682,HRG,40434J100,6933.7,0.2,1.1,-34.1
683,TJX,872540109,6709,0.2,0.1,1163.1
684,OSK,688239201,-1102.5,0.3,0.5,132.1
685,MCCHF,579903105,4.9,0,0.1,-0.5
686,ECA,292505104,1748.8,0.4,0.4,1723.7
687,SRSCQ,81234D109,699.4,0.1,0.2,163.8
688,LCII,50189K103,-235.7,0.2,0.2,25.9
689,CASM,124769209,28.3,0.3,0.2,-2.5
690,JKHY,426281101,-1447.6,0,0,107.5
691,ARKR,40712101,-114.8,0.2,0.2,3.9
692,APC,32511107,16775,0.4,0.4,715.6
693,NE,G65431101,1941.1,0.3,0.4,587.1
694,ACUR,00509L802,-65.4,-3,1,-16.9
695,CAW,124867102,13.3,0,0,1
696,TUES,899035505,354.7,0.3,0.1,18.7
697,RMCF,77467X101,31.1,0.1,0.1,3.3
698,ALTX,21454103,5.9,0,0,0
699,DGSE,23323G106,11.3,0.4,0.4,-0.7
700,BIG,89302103,-2111.1,0.1,0.1,87.1
701,MS,617446448,235726.7,0.2,3.1,3759.5
702,MSFT,594918104,37153.3,0.1,0,14592.9
703,ORCL,68389X105,167465.1,0.2,0.1,6050.6
704,TECD,878237106,8420.8,0.1,0.2,119.7
705,RGEN,759916109,914.2,0,0,3.6
706,CFWFF,129584108,1375.1,0.4,0.8,27.6
707,CY,232806109,842.8,0.3,0.2,-49.1
708,SIGM,826565103,400.5,0,0,-12.9
709,AMAG,00163U106,9.5,0.1,0.1,-17.1
710,XOMA,98419J206,6.8,25.8,0.3,-43.1
711,ASTE,46224101,-7.8,0.1,0.1,26.4
712,WERN,950755108,927.5,0,0,81.9
713,DLHC,23335Q100,162.6,0,0,-3.1
714,VGZ,927926303,94.3,0.1,0.1,-10.5
715,REFR,760911107,-71.9,0,0,-4.5
716,AMWD,30506109,975,0.1,0.1,17.4
717,HOG,412822108,3212.8,0.7,0.3,640.8
718,SKYW,830879102,3782.5,0.6,1.4,77.2
719,TOL,889478103,-2106.3,0.6,0.6,237.6
720,FRED,356108100,458.9,0,0,19.4
721,TWMC,89336Q100,-584.8,0,0.1,-6.5
722,VIVO,589584101,433.4,0.2,0.1,20.9
723,IT,366651107,1029.7,0.4,0.2,81.6
724,WTS,942749102,2284.9,0.3,0.3,38.9
725,PDEX,74265M205,9.6,0.1,0.1,0.1
726,NVR,62944T105,560.7,0.2,0.1,314.3
727,INT,981475106,5664.7,0.1,0.1,101.3
728,CLFD,18482P103,-125.9,0,0,0.9
729,ATUS,02156K103,3740.8,-36.1,1.6,152
730,RADA,M81863124,10.9,0.2,0.2,-1.7
731,ADBE,00724F101,-739,0.1,0,507.5
732,HHS,416196202,-341.2,0.2,0.2,46.7
733,DJCO,233912104,120.4,0.1,0.1,3.1
734,HSTC,4.04E+107,-2.5,-0.1,0,-0.5
735,CYAN,232437301,-8.9,0.2,0.2,-0.4
736,VHI,918905100,179.9,0.5,0.5,51.9
737,EHC,29261A100,-1540.7,20,1.2,84.7
738,UNDT,913459301,-14.6,0.5,1.6,-2.8
739,PTSI,693149106,124.1,0.3,0.5,6.3
740,MHO,55305B101,1008,0.5,0.9,15.7
741,MRTN,573075108,-347.5,0.2,0.3,19.7
742,HEMA,423498104,13.9,0.1,0.2,-0.1
743,KBH,48666K109,1671.2,1.1,1.4,102.7
744,LVNVF,52749A104,86.1,0,0,-8.5
745,CVM,150837607,60.3,0,0,-13.1
746,ABEO,00289Y107,285.5,-1.4,0.3,-10.4
747,ITUS,45069V203,-7.8,-2.3,0,-6
748,BVX,10211F100,108.2,0.1,0,-1.1
749,IBAL,459041109,33,0,0,0.5
750,UNM,91529Y106,-284.7,0.1,0.4,586.7
751,VRTC,923437305,3.9,-0.5,0.1,-0.6
752,CCE,G25839104,327.8,0.8,0.9,129.8
753,STKL,8676EP108,-25,0.2,0.3,3.3
754,PPC,72147K108,-2088,0.5,1.2,68.2
755,GTII,37955R107,-4.8,-0.2,0.9,-7.5
756,JJSF,466032109,865.5,0,0,37.7
757,HTLD,422347104,54,0,0,63.7
758,CERN,156782104,-1434.8,0.1,0,208
759,LMEFF,519322101,0.4,0,0,-0.7
760,ZQKSQ,74838C106,635.2,0.6,7.3,-62
761,ICAD,44934S206,75.9,0.1,0,-8
762,SCIE,8.48E+305,-29.7,0,0,-3.2
763,FOXA,90130A101,-2927.6,0.4,0.3,2069.1
764,OSUR,68554V108,468.8,0.1,0,-3.8
765,FRPH,30292L107,-81.1,0.4,0.4,8.4
766,RGRX,75886X108,12.2,0.1,0,-4.3
767,PLXS,729132100,1115.6,0.2,0.1,47.8
768,IOR,452926108,-4.3,0.7,2,4
769,CDZI,127537207,50.3,1.7,0.9,-18.5
770,IMKTA,457030104,-319.1,1.2,1.8,34.6
771,SEMUF,G81226105,3110.7,0.3,0.8,116.7
772,RDNT,750491102,-23.5,4.4,5.4,1.3
773,JACK,466367109,-5.7,0.5,0.3,89.7
774,EEI,278878103,18.3,0,0,1.8
775,SOTK,835483108,12.3,0.6,0.1,0.2
776,CYTR,232828608,423.4,0,0,-18.5
777,PLAB,719405102,449.4,0.4,0.9,-1.6
778,ICCC,452525306,48.6,0.1,0,0.4
779,REPR,759910102,23.9,0.5,0.1,0.3
780,MAMP,58404M101,0.6,-1,0.2,-1.5
781,RCPIQ,772081204,-179.4,-0.1,0.3,-19.5
782,CFNB,130222102,1007.4,0.1,0.3,10.7
783,SAFM,800013104,856.4,0.2,0.2,64.4
784,VOXX,91829F104,99.4,0.1,0.3,5.5
785,GNCMA,369385109,234.9,1.4,1.5,6.6
786,DXLG,25065K104,25.5,0.2,0.2,-7.5
787,ASM,53906103,210.1,0.2,0.2,-1.1
788,CCC,129603106,1101.3,0.2,0.1,19.7
789,CDNS,127387108,-489.7,0.2,0.1,1.2
790,EBIX,278715206,324.4,0.1,0.1,30.3
791,SNGX,834223307,5.3,0,0,-6.4
792,CCL,143658300,-4491.9,0.3,0.3,1642.4
793,CMCL,G1757E113,88.3,0,0,-1.4
794,BPL,118230101,2705.6,0.9,0.5,143.1
795,NNUTU,78028T100,-30,0.1,0.2,-1.1
796,MIDD,596278101,202.5,0.5,0.3,70.9
797,CPSH,12619F104,15.2,0.1,0,0.4
798,CELG,151020104,20672.1,0.3,0,516.1
799,CRMT,03062T105,-207.2,0.4,0.7,17.2
800,ABMD,3654100,-296.7,0,0,-3
801,CNMD,207410101,1747.7,0.4,0.4,27
802,TIF,886547108,1586.9,0.2,0.1,295.3
803,XRAY,24906P109,-429.2,0.4,0.2,224.8
804,IEP,451100101,10288.7,0.4,1,156.9
805,FUN,150185106,-287.2,2.3,0.9,70.2
806,CBS,124857202,-13719.4,0.3,0.3,-1383.3
807,PMD,744375205,4.2,0,0,2.7
808,MHGU,59000K309,168,1.2,1.4,0.6
809,NAII,638842302,64.2,0.1,0.1,0.9
810,LABL,625383104,-39.4,0.7,0.5,18
811,HRTX,427746102,825,0,0,-21.2
812,KOOL,157131202,46.2,0,0,-7.3
813,AFAM,20409108,937.4,0.3,0.2,11.3
814,FICO,303250104,-397.6,0.6,0.3,80.8
815,CBM,132011107,231.2,0.4,0.4,21.4
816,JOUT,479167108,327.6,0.2,0.4,2.7
817,GBCS,37953J107,-14.6,1.5,4.5,-0.4
818,FGP,315293100,44.2,3.1,0.9,33.3
819,VGR,92240M108,2810.7,1,0.4,44
820,TVAGF,872948203,-799.4,0.2,0.3,13.4
821,MEOH,59151K108,43.4,0.4,0.4,181.5
822,HUSKF,448055103,-3900,0.2,0.2,1384.2
823,TORSF,891474207,763.7,0.3,0.4,36.7
824,TGA,893662106,749.4,0.1,0.1,17.1
825,CLH,184496107,2722.5,0.4,0.6,42.4
826,CFPZF,137576104,-354.8,0.2,0.4,62.7
827,CCDBF,124900309,5591.4,0.4,0.6,95.8
828,CADNF,146900105,-1156.2,0.7,2.1,22.1
829,AIN,12348108,3502.3,0.4,0.5,27.7
830,CYBE,232517102,-55.5,0,0,-0.4
831,MITK,606710200,5.8,0.1,0,-1.3
832,MNI,579489303,423.2,0.8,4.8,-119.6
833,GANS,363127309,-110.9,0.1,0.8,-2.4
834,FAST,311900104,-1300.5,0,0,250.4
835,TATT,M8740S227,57.3,0.1,0.1,4.2
836,OMAG,681659207,5.4,0.3,0,-2.1
837,MXIM,57772K101,8969.1,0.1,0,322.7
838,APH,32095101,10519.6,0.8,0.2,361
839,CNMGF,13710C107,503.8,0.4,0.8,19.5
840,AKRX,9728106,554.4,0.6,0.3,14.1
841,IPAR,458334109,792.1,0,0,27.9
842,PII,731068102,3414.8,0.2,0.1,190.5
843,EMLAF,291843407,-4571.2,0.3,0.5,143.6
844,SNCAF,78460T105,789.6,0.5,0.4,287.9
845,SJR,82028K200,-3758.7,0.6,0.5,382.1
846,PXD,723787107,22765.7,0.5,0.5,266.2
847,USM,911684108,4975.8,0.2,0.3,136.1
848,MAN,56418H100,-901.9,0.2,0.2,216.6
849,TMBCF,87974D100,-1134.4,0.7,4.5,-65.6
850,FTS,349553107,31702.4,0.9,1.1,249.4
851,TAC,89346D107,-670.6,0.6,1,139.9
852,BID,835898107,2193.8,0.3,0.3,57.2
853,MGM,552953101,-17759.1,1.2,1.5,60.2
854,QTXB,74765N109,-8.9,0.1,0,-1.9
855,WM,94106L109,12775,0.7,0.5,828.2
856,SSP,811054402,1016.8,0.2,0.2,66.4
857,IIVI,902104108,1452.7,0.1,0.1,35.3
858,MERC,588056101,565.5,1.9,4.5,9.7
859,CLHRF,218002202,0.2,0,0,-1
860,MGCD,552768103,-9.3,0.4,1.2,-0.4
861,PCFO,694714106,92.2,-12.4,196.2,0.5
862,FCX,35671D857,-16341.9,0.5,0.6,-68.7
863,AB,01881G106,288.1,0,0,175.4
864,JNP,48203L107,36.8,0,0.2,-8.6
865,CDMO,05368M106,480,0,0,-25.1
866,ODP,676220106,3195.6,0.2,0.4,-7.6
867,NEN,644206104,-66.3,-2.1,1.3,4.2
868,MTH,59001A102,1555.6,0.7,0.7,44.4
869,ARCH,39380407,2740.8,-9.6,17.2,-219
870,CMT,218683100,26.6,0.3,0.8,5.3
871,MGPI,55303J106,83,0.1,0.2,2.3
872,DDD,88554D205,900.8,0.2,0.1,-35.5
873,AUSI,51526200,-60.2,0.2,0.3,-13.2
874,NTP,G63907102,658.7,0,0,25.1
875,LNN,535555106,544.1,0.1,0,24.5
876,AFTM,00831X102,21.2,-0.1,0.1,-4.2
877,LH,50540R409,2031.3,0.5,0.2,419.7
878,CSBR,15870P307,40.3,0,0,-3.6
879,VASO,92233F102,34.5,0.1,0.1,-1.1
880,ADWPF,03444Q100,-45.5,0.2,0.3,10.7
881,PHXCF,719015109,15.4,0,0,-0.1
882,TMTNF,891102105,-126.2,0.2,0.1,104.8
883,TORM,890878309,-5.2,0.2,0.3,0
884,CXA.H,20934T204,63.5,0.3,0.9,16.2
885,GG,380956409,639.7,0,0.1,-44
886,IFSPF,45868C109,2281.2,0.2,0.4,5.8
887,PKIUF,70137T105,385.1,0.3,0.2,40.2
888,HERXF,42774L109,26.6,0.3,0.4,19.7
889,CNQ,136385101,2420,0.3,0.3,1837.7
890,MODVF,585467103,-68.2,0.5,0.8,51.4
891,CPE,13123X102,8350.3,-1.4,1.7,-23
892,SU,867224107,23462.5,0.3,0.2,1832.1
893,SVCTF,81731L109,279.5,0.1,0.2,29.7
894,LWAY,531914109,-3,0.1,0,2.8
895,WFICF,931902100,318.7,1.4,1,16.6
896,BCKMF,75653204,1.1,0,0,1.6
897,VODG,928501303,0.1,0.4,0,-0.3
898,WWR,961684107,91.7,0.1,0.1,-10.1
899,VLO,91913Y100,9674.1,0.3,0.5,1839.4
900,IEX,45167R104,2921.1,0.3,0.2,135.1
901,HNR,41754V202,173.2,0.4,0.7,-4.4
902,BNSO,98529308,-48.7,0,0,-0.6
903,EMMS,291525400,-6884.7,1.7,5.8,-29.3
904,MLI,624756102,1272.8,0.2,0.2,88.9
905,NCC.A,651900102,-308.5,0.3,0.3,11.4
906,TECH,09073M104,63.9,0,0,80.3
907,BRO,115236101,1828.2,0.2,0.1,151.2
908,EMIS,291345106,-1266.8,-1.3,0.8,-30.6
909,TG,894650100,64.5,0.2,0.2,20.3
910,CM,136069101,-112231.2,0,0.5,2046.5
911,BNS,64149107,-116800,0,0.1,4061.5
912,NTIOF,633067103,-1118.8,0,0.4,940.8
913,NVLN,67001K202,-92.9,0.1,0.1,-8
914,HGBL,4.27E+107,-50.2,0.5,1.8,-11.5
915,SYMC,871503108,73232.8,0.2,0.1,187.5
916,CGNX,192422103,74.6,0,0,50.7
917,CRUS,172755100,-539.6,0,0,37.6
918,LRCDF,51925D106,7322.3,0.1,1.3,97.5
919,NEOG,640491106,492.6,0,0,15.9
920,JCOUF,47215Q104,-434.3,0.2,0.1,93.1
921,LEA,521865204,4665,0.3,1.4,219
922,EOG,26875P101,5077.7,0.2,0.1,686.3
923,RSPI,761227206,-2,0,0,-5.8
924,ZIXI,98974P100,-245.3,0.1,0,-12.2
925,NTR,67077M108,-1363.1,0.3,0.2,1179
926,LSCC,518415104,-1756.9,0.2,0.1,-35.9
927,AAME,48209100,-110.7,0.1,1,2.8
928,DGII,253798102,258.2,0,0,2.9
929,EA,285512109,10278.2,0,0,94.9
930,NSEC,637546102,34.4,0.1,0.5,2.3
931,IMGN,45253H101,2282.3,0.1,0,-34.7
932,SNFCA,814785309,421,0,0.3,4.8
933,BLFS,09062W204,0.6,-0.5,0.6,-2.1
934,KND,494580103,268.6,0.3,0.9,23.4
935,ARTNA,43113208,-76.3,0.5,0.7,6.4
936,BURCA,122295108,23,0.2,0.4,6.1
937,DDAIF,D1668R123,6917.1,0.7,1.6,4722.9
938,IKNX,45172K102,50.3,0,0,0.6
939,CLRO,18506U104,81.2,0,0,3.6
940,GFELF,38216R100,267.6,0,0,8.5
941,HDNG,412324303,105.9,0.1,0.3,-1
942,PTC,69370C100,85.3,0.1,0.1,35.4
943,HNRG,40609P105,-17.3,0.3,0.3,10.8
944,NTIC,665809109,4.8,0,0,1.9
945,PLPC,740444104,171.1,0.1,0.1,14.7
946,DENN,24869P104,832.7,-3.3,7.3,11.1
947,GIII,36237H101,3095.3,0,0,34
948,PPIH,714167103,17.7,0.4,1.2,0.3
949,PHX,698477106,-139.2,0.2,0.1,8.9
950,XDSL,62472C102,-165.3,0,0.1,-11.5
951,UNIEF,90457D100,959.4,0.2,0.3,30.6
952,POPE,732857107,221.8,0.4,0.3,6.7
953,AMZKF,05328X101,239.5,0.1,0.3,4.6
954,AEGXF,00762V109,1413.8,0.3,0.6,27
955,AVPFF,05354K304,200.7,0.3,0.9,-3.2
956,ARET,40098303,2,0.2,0.2,-0.9
957,SMG,810186106,1.2,0.6,0.4,114.4
958,ICON,451055107,-765.5,0.6,0.8,40.9
959,CASC,14740B606,-21.1,0,0,-24.8
960,BMPAF,10511J109,-71.4,0.2,0.4,4
961,BIBLF,10788P101,-24.3,0.2,0.2,0.3
962,CWLPF,12913L203,24.4,0,0,0.4
963,CETEF,14916J102,-66.3,0.2,0.3,11.1
964,LCUAF,521129205,-71.6,0.2,0.9,6.3
965,CGECF,19238T100,-3670.9,0.8,2.6,28
966,BNEFF,98546104,-293.9,0.2,0.1,29.5
967,IBXNF,448937508,12.6,0,0.1,-0.7
968,COT,22163N106,6149.4,0.6,0.8,22.3
969,CXSNF,86326Q108,-100.5,1.1,1.9,-2.6
970,EXCOF,30150P109,114.1,0,0,11.9
971,HMM.,40851T102,-14.8,0.1,0.5,1.5
972,FTGFF,318093101,134,0.3,0.6,0
973,GSS,38119T104,575.7,0.2,0.5,-32.6
974,IPMLF,452892102,70.2,0,1.5,9.9
975,IVXLF,461208209,-51.2,0.9,4.7,-1.1
976,ABSSF,00927V200,6.6,0.3,0.4,6.2
977,COG,127097103,2848.2,0.4,0.2,113.9
978,LIMAF,53278L107,6691.5,0.2,0.3,122.8
979,LTKBF,541411401,315.9,0.1,0.2,13.7
980,NG,6.70E+210,308.1,0.1,0.2,-49.4
981,MTLRF,591307103,0.8,0,0,0.4
982,ORVMF,68759M101,223.6,0.2,0.2,3.4
983,NWLTF,65020P103,297.7,0.4,0.5,8.1
984,DNR,247916208,-447.3,0.5,0.7,-40.6
985,PAAS,697900108,504.3,0,0,-33.7
986,PRMRF,699320206,-8168.1,0.5,0.4,-66.8
987,PGH,70706P104,-1347.1,0.3,0.5,23
988,OBE,674482104,-7278.4,0.3,0.6,-21.9
989,PFBOF,69331T101,31.9,0.1,0.2,3.3
990,PDS,74022D308,-1216,0.3,0.4,252.3
991,CVTGF,17965L100,368.3,0,0.1,25.1
992,CSCO,17275R102,-1825,0.1,0.1,5842.6
993,WIPKF,97535P104,942.5,0.1,0.1,51.3
994,YRBAF,986191302,33.9,0,0,-0.9
995,LSDAF,517907101,-670.9,0.3,0.3,25.8
996,HOLX,436440101,-1200.1,0.4,0.3,-214.9
997,ICE.,137639209,64.2,1,4.5,0.2
998,ADMT,1004100,7.2,0.7,0.1,-2.1
999,AXDX,00430H102,714.6,0,0,-7
1000,FCSC,315721308,293.2,31.6,7.6,-17.3
1001,ABMC,24600108,-7.7,0.3,0.3,-0.4
1002,GQMNF,38115J100,122.1,0.7,0.1,-6
1003,NTN,629410606,-16.6,0.2,0.1,-3.8
1004,TTI,88162F105,71.4,0.4,0.5,-1.8
1005,VICR,925815102,254.3,0,0,-1.4
1006,NNUP,655212207,-5.6,0.1,0,-0.2
1007,GVA,387328107,631.1,0.2,0.2,52
1008,RDGA,765816103,-2.5,0,0,0
1009,LSTR,515098101,132.7,0.2,0.1,96.7
1010,AMNF,42166801,-1.3,0,0,1.6
1011,AAON,360206,-127,0,0,22.6
1012,ELST,285848107,-6.8,0,0,0.1
1013,IAIC,456696103,11.2,0,0,0.1
1014,GERS,39571U605,-21.5,0.3,23.5,-7.8
1015,NVEC,629445206,-80.8,0,0,7
1016,MMSI,589889104,799.5,0.2,0.1,16.2
1017,SRMC,826400103,24,0,0,0.5
1018,GIB,39945C109,-2378.9,0.2,0.2,317.6
1019,MTRAF,59162N109,-1761.3,0.2,0.2,312
1020,MAZ.H,578901100,-280.5,0.1,0.5,-2
1021,DIIBF,25822C205,-613.5,0.3,0.5,73.2
1022,MCF,21075N204,506.8,0.2,0.2,9
1023,FA.,35063X107,-5,0,0,-0.7
1024,MICR,59511X105,7.3,0.1,0.1,0
1025,TBI,89785X101,-387.1,0.1,0.1,35
1026,XLNX,983919101,-1675.2,0.2,0.1,372.8
1027,UTGN,90342M109,-70.5,0,0.2,2.2
1028,LRAD,50213V109,47.4,0.3,0,-2.4
1029,PARR,69888T207,2320.3,0.5,0.6,-84.9
1030,GTIM,382140879,45.6,0.3,0.3,-0.7
1031,AAU,20283305,104.9,0,0,-3.1
1032,LCI,516012101,6559.3,0.3,0.1,14.8
1033,WELX,97424Q106,-3.7,0.1,0.3,-0.3
1034,TIK,879165207,-0.6,0.1,0.1,-0.5
1035,UQM,903213106,5.2,0,0,-4.7
1036,MOC,20050L100,30,0,0.1,0.7
1037,TRMB,896239100,-1218.9,0.2,0.1,101.1
1038,VERU,92536C103,20.9,0.1,0,3
1039,CKX,12562N104,17.4,0,0,1.3
1040,RSRV,761102102,79.5,0,0,3.5
1041,CRK,205768302,875.6,-0.8,1.8,-38.5
1042,EXPO,30214U102,544.2,0,0,22.4
1043,BHE,08160H101,3202.8,0.1,0.1,50.6
1044,MTRX,576853105,363.2,0.1,0.1,13.4
1045,ESE,296315104,434.1,0.1,0.1,26.8
1046,ETH,297602104,450.7,0.2,0.2,49.6
1047,BIOL,90911108,92,0,0,-7.4
1048,CVA,2.23E+106,422.9,1,0.9,57.4
1049,IFNY,45663L502,3.9,0.3,0.2,-7.3
1050,WNDM,98211X106,-1.3,0.1,0.1,-2.5
1051,SONC,835451105,34.1,8.7,0.5,49.3
1052,CYH,203668108,-11023.7,1.3,2.4,150.2
1053,DORM,258278100,514.8,0.2,0.5,36.3
1054,IO,462044207,-278.7,0.3,0.5,-49.4
1055,REGN,75886F107,-11.5,0.4,0.1,68.1
1056,RTKHQ,760112201,-538.2,0.8,0.5,-31.6
1057,X,912909108,387.5,0.3,0.8,28.3
1058,NNWWF,663278208,-72.1,0.4,0.2,54.9
1059,AXAS,3830106,-68.2,0.5,2.8,-5.4
1060,ABCP,23164106,3.1,0,0,11.9
1061,HAE,405024100,360.6,0.2,0.1,37.8
1062,IONS,462222100,-112.4,1,0.3,-51.4
1063,CHKE,16444H102,502.6,0.8,0.1,13.1
1064,LCUT,53222Q103,127.7,0.2,0.4,6
1065,FCFS,33767D105,299.4,0.2,0.2,39
1066,DSW,23334L102,-1728.5,0.2,0.8,22.7
1067,IDXX,45168D104,78.5,0.1,0,112.7
1068,ISIG,45765Y105,38.6,0,0,3.3
1069,AES,00130H105,-30206.2,1.3,2.8,16.8
1070,CRVL,221006109,83.8,0,0,21.1
1071,EVLV,300487105,-626.3,0.1,0.1,-25
1072,DIN,254423106,-206.8,1.3,2,35.3
1073,KALU,483007704,838.1,0.1,1.6,8.5
1074,ALKS,G01767105,751.7,0.9,0.1,-29
1075,MNST,61174X109,-316.6,0,0,179.4
1076,VRTX,92532F100,1585.4,0.5,0.1,-315.8
1077,MNRO,610236101,408.7,0.3,0.2,32.6
1078,PRGS,743312100,1035.3,0,0,37.4
1079,TVTY,88870R102,132.2,0.3,0.3,-3
1080,ZBRA,989207105,-867.1,0.2,0.1,70.4
1081,AEY,6743306,38.6,0.2,0.2,3.5
1082,EZPW,302301106,82.5,0.2,0.8,26.7
1083,FIZZ,635017106,108.9,0,0,31.1
1084,BIIB,09062X103,-833,0.2,0.1,886.3
1085,ISGN,46436A203,-14.4,0.3,0.1,-3.7
1086,BONTQ,09776J101,17.6,1,8.2,-6.6
1087,WTT,976524108,-73.7,0.1,0.1,0.1
1088,ODFL,679580100,-1046.7,0.3,0.3,98.4
1089,RHP,78377T107,-1838.3,0.6,0.7,5.9
1090,ARCI,03814F205,-11.7,0.3,0.6,0.1
1091,ATNI,00215F107,2808.1,0.2,0.2,42.9
1092,BSTC,90931106,5.4,0,0,0.7
1093,EDIG,26841Y103,-34.9,1.6,0,-1.9
1094,WNC,929566107,-534,0.6,0.6,-12.1
1095,JBSS,800422107,-457.9,0.2,0.6,9.8
1096,PRGO,G97822103,5559.6,0.4,0.2,127.6
1097,TTEK,88162G103,338.5,0.1,0.1,38.1
1098,AMSC,30111207,-564.4,0,0,-51.3
1099,BLGO,09065A100,5.9,0.6,0,-5.1
1100,QCOM,747525103,-2199.7,0,0,2946.3
1101,EEP,29250R106,-1132.5,0.8,0.7,216.9
1102,AHPI,19222207,28.9,0.1,0.1,-1.8
1103,PEYE,740294301,-114.7,0.2,0.2,-2.4
1104,SPOK,84863T106,-125.1,0.3,3.2,5.8
1105,GILD,375558103,21332.3,0.4,0.1,2994.5
1106,PDLI,69329Y104,-2142.2,-0.8,0.3,73
1107,ABAX,2567105,411.2,0,0,13.5
1108,MSON,604871103,14.6,0,0,-0.3
1109,ACFN,4848107,26.5,0.1,0.2,-5.5
1110,ROP,776696106,22188.3,0.5,0.2,282.5
1111,ITPOF,460919103,-15.9,0.6,1.4,-7.7
1112,TNH,881005201,-912.8,0,0,221.3
1113,GOVX,373678200,-88,-0.1,0,-3.6
1114,ELY,131193104,36.6,0,0,5.3
1115,BTX,09066L105,430.2,0.2,0,-12.9
1116,TWX,887317303,-25350,0.4,0.4,-4602.2
1117,USAK,902925106,170.1,0.6,1,0.9
1118,AERG,03819M106,27.5,0.9,1.7,-7.4
1119,TGB,876511106,388.2,0.2,0.4,-1.6
1120,STEM,85857R303,213.9,0.2,0.1,-21
1121,CBK,171046105,163.3,0,0,8.1
1122,ICUI,44930G107,2180.9,0,0,26.4
1123,MHK,608190104,-2226.6,0.4,0.3,217.3
1124,PX,74005P104,-2131.2,0.6,0.2,1087.2
1125,NCS,628852204,165.9,0.5,0.7,-24.7
1126,ASUR,04649U102,249.9,0.3,0.2,-4.9
1127,KOPN,500600101,-327,0,0,-6.1
1128,AGCO,1084102,5643.8,0.2,0.4,220.2
1129,SMRT,858375108,-2,0.1,0.2,20.1
1130,CASS,14808P109,517.4,0,0,15.8
1131,BKE,118440106,1266.6,0,0,94.6
1132,OLED,91347P105,523.3,0,0,-3.3
1133,KSS,500255104,-6707,0.3,0.2,840.3
1134,PTSC,70336N107,-29,0.7,0,0.4
1135,INTZ,4.61E+209,-178.7,0.1,0.1,-4.3
1136,STE,G84720104,152.3,0.2,0.1,93.7
1137,USPH,90337L108,50.8,0.1,0,11.8
1138,DWCH,237917208,218.6,0,0,-5
1139,FC,353469109,-83.9,0.2,0.3,-4.7
1140,BBBY,75896100,1904,0,0,624.6
1141,DHI,23331A109,3252.8,0.6,0.6,267.9
1142,FINL,317923100,116.4,0,0,39.6
1143,MGIC,559166103,48.4,0,0,4.9
1144,ACCFF,00435L108,63,0.5,0.5,6.3
1145,BGC,369300108,2035,0.6,1.3,3.9
1146,JCTCF,47733C207,15.7,0,0.1,1.6
1147,FCEL,35952H502,698.9,0.1,0,-52.3
1148,SBUX,855244109,239.4,0.1,0,749.8
1149,DYN,26817R108,14956.2,0.8,3.5,-385.1
1150,SPN,868157108,842.1,0.5,0.4,-10.1
1151,CENTA,153527205,3.9,0.5,0.8,3
1152,ITEX,465647402,16.8,0.1,0.1,1.1
1153,WIRE,292562105,609,0.2,0.1,32.9
1154,EDTXF,847577103,58.2,0.6,0.2,-5.2
1155,BRBMF,08947P103,30,0.1,0.1,4
1156,PRCP,71361F100,97.2,0,0,0.8
1157,LAYN,521050104,379.7,0.2,0.4,-15.4
1158,PBOX,70433R209,1.2,0.1,0.1,-1.8
1159,ESMC,296074305,-56.3,0.3,0.4,-1.7
1160,CVU,125919308,56.8,0.1,0.1,1.5
1161,CRVP,22940F103,-119.2,1,1.2,-2.7
1162,CAKE,163072101,-766.9,0.1,0.1,74.4
1163,LFUS,537008104,4160.5,0.2,0.1,44.4
1164,ASGN,682159108,-1018.3,0.3,0.2,17.8
1165,APTO,03835T200,-199.1,0.9,0.1,-12.1
1166,CREAF,Y1775U107,-806.6,0.1,0.1,-17.9
1167,EFII,286082102,-146.2,0.1,0.1,23.5
1168,SFEG,8.02E+112,-59.6,-1.5,0.4,-5.1
1169,EMRAF,290876101,53146.2,0.8,0.8,190.6
1170,KEM,488360207,80.4,0.5,2,-32.6
1171,GCEH,378989107,-31.2,0.1,0.9,-1.6
1172,CPSS,210502100,1757.3,8.4,27.3,3.9
1173,MTX,603158106,300.5,0.2,0.2,52.2
1174,PQ,716748306,400.8,1.2,1.1,-23.8
1175,PDCO,703395103,-1027.4,0.3,0.1,183
1176,KAI,48282T104,501,0.1,0.2,12.4
1177,STLY,854305208,-125.1,0.1,0.1,3.7
1178,NAVB,63937X103,-22.2,0.6,0.1,-15.3
1179,LGND,53220K504,356.3,-0.1,0.1,8.5
1180,FEOVF,67524Q132,3,0,0.1,-1.6
1181,PESI,714157203,-36.8,0.2,0.3,-1.8
1182,BBOX,91826107,-131.7,0.2,0.3,0.4
1183,SM,78454L100,8124.9,0.3,0.3,98.9
1184,CKH,811904101,1864.7,0.4,0.5,100.8
1185,HMSY,40425J101,627.4,0.2,0.1,16.4
1186,ULBI,903899102,26.4,0.1,0,-3.5
1187,IAC,44919P508,7912.8,0.1,0.1,222.7
1188,GPOR,402635304,11499.1,0.2,0.1,-41.8
1189,AKTAF,9905100,-70.7,0,0,16.3
1190,MPVD,62426E402,1412.3,0,0,-6.5
1191,FDCFF,349852301,-7.7,0,0,-1.8
1192,BLKCF,37958L107,-335.3,0.1,0.3,-7.1
1193,MCA.H,60151C104,-15.7,0,0,-0.2
1194,SMIT,806870200,-1.3,0,0,-0.4
1195,PPEVF,694740200,0.2,0,0,-1
1196,MPXEF,553443102,2.1,-1,0.1,-0.4
1197,ARSEF,02136K108,1.7,0,0,-1.9
1198,SSRM,784730103,1439.5,0.1,0.1,-3.5
1199,BNPUF,09784Y108,-1506.4,0.3,0.4,102.9
1200,CHMP,158520205,19.5,0.7,2.5,-1.7
1201,TVIPF,872917109,2.8,0.5,0.5,-2.3
1202,TRX,87600U104,-6.3,0,0,-4.1
1203,ESVIF,293570107,-405.8,0.1,0.1,140.7
1204,EGY,91851C201,139.3,0.1,0.1,0.9
1205,AAV,00765F101,-359.1,0.3,0.4,-9.4
1206,IGPFF,452924400,36.3,0.2,2.6,-0.2
1207,CTO.,17253G102,-7.6,0,0,0.4
1208,NLS,63910B102,192.8,0,0,13.2
1209,RCKY,774515100,-43.9,0.4,1,4.1
1210,CHK,165167107,10816.7,0.8,1,-528.7
1211,SGA,786598300,-27.5,0.8,0.8,7.2
1212,CREE,225447101,-2173.3,0,0,51.8
1213,LIVN,G5509L101,-294.7,0.8,0,7
1214,CRY,228903100,612,0,0,0.9
1215,AGN,G0177J108,-150538.9,0.4,0.3,198.5
1216,PENC,706582202,-32.7,0.3,0.1,-3.8
1217,RELV,75952R209,4.6,0.2,0.2,2.6
1218,SCON,867931503,-187.2,0,0,-15.9
1219,VICL,925602203,-687.2,0,0,-22.5
1220,SDON,800111106,-16.5,0.1,0.3,-0.8
1221,AVID,05367P100,602,0,0,-12
1222,INTU,461202103,-8348,0.1,0,457.2
1223,DEST,25065D100,143.4,0.6,0.9,5.9
1224,SCVL,824889109,49.3,0,0.1,18.9
1225,ALG,11311107,-487.1,0.2,0.2,19.7
1226,MCHP,595017104,15490.1,0.3,0.1,250.7
1227,CHS,168615102,-460.5,0,0,89.9
1228,AEMD,00808Y208,25.9,-0.2,0,-5.1
1229,RPRX,76028H209,125.1,0,0,-14.7
1230,MAGAA,559235403,-47.4,0,0,-0.7
1231,TRZBF,89351T401,2020.3,0.1,0.2,27.3
1232,VNRCF,91912H108,93.2,0.8,0.5,116.2
1233,FOSL,34988V106,-147,0.1,0,162.5
1234,SANM,801056102,-6238.5,0.4,1,-280.7
1235,AGU,8916108,-2912.5,0.3,0.3,567.5
1236,ATR,38336103,3024.1,0.2,0.1,129.3
1237,ORLY,67103H107,-5374.1,0.2,0.1,388.4
1238,RCL,V7780T103,-3866.7,0.8,1,473.3
1239,POL,73179P106,1873.8,0.5,0.8,33.4
1240,JBL,466313103,3303.3,0.2,0.3,111.8
1241,ANIK,35255108,505.1,0,0.1,8.8
1242,GILT,M51474118,-2852.1,-0.5,4.1,-42.4
1243,TWI,88830M102,1583.1,0.7,1.8,-4.2
1244,PERY,288853104,-48,0.7,1.3,8.1
1245,RIG,H8817H100,13277.3,0.5,0.6,294.8
1246,LINK,458751302,40.2,0.1,0.1,-2.5
1247,LGF.A,535919401,5182.5,1.6,1.1,10.2
1248,OFIX,N6748L102,95.6,0.3,0.2,4.9
1249,ATTU,M15332121,-45.8,0.1,0.2,-5.2
1250,SPNS,N7716A151,27,0.2,0.3,-0.6
1251,MAGS,M6786D104,359.7,0.1,0.1,-0.8
1252,PZZA,698813102,-467.2,0.4,0.1,50.4
1253,TGAFF,87402A108,566.6,0.7,5.5,7.4
1254,THRM,37253A103,1416.7,0.1,0,15.2
1255,BBSI,68463108,413.6,0,0,6.6
1256,SEMFF,816922108,1529.5,0.1,0.2,11.3
1257,LBY,529898108,254.7,1,3.1,12.5
1258,FLIR,302445101,3440,0.3,0.1,139.4
1259,SHLO,824543102,-658.4,0.5,1.6,3.6
1260,CGEAF,19239C106,-3134.3,0.8,0.8,65
1261,SGY,861642403,2084,0.6,0.9,-104.3
1262,BCO,109696104,2126.7,0.1,0.2,85.6
1263,KTEC,493143101,-79.4,0.1,0.2,1.1
1264,CSHEF,G2109M100,172.8,0,0.4,-3
1265,RHUHF,76329W103,-54.2,0,0,33.5
1266,TLF,87538X105,72.9,0.1,0.1,3.8
1267,MCRI,609027107,65.2,0.5,0.3,12.4
1268,ATRM,04964A103,-41.4,0.4,0.3,-4.4
1269,INOD,457642205,127,0,0,1.1
1270,BLDP,58586108,-2828.9,0,0,-68.1
1271,BWA,99724106,853.1,0.2,0.3,280.2
1272,FLL,359678109,298.7,0.4,0.7,1.2
1273,SPTN,847215100,-967.2,0.4,1,17.4
1274,WINA,974250102,-75.8,0.2,0.1,8
1275,ROYL,78074G200,25.8,0.2,0.1,-1.2
1276,MATN,57667K109,-23.9,0,0,-13.3
1277,ARWR,04280A100,899.5,1.8,0.1,-24.9
1278,FTEK,359523107,72.2,0,0,0.8
1279,SFEF,802014100,-32.2,1,2.1,-1.2
1280,ARRS,G0551A103,7102.9,0.3,0.2,19.8
1281,IMCI,456910306,-2.9,1.5,1.1,-1
1282,BKS,67774109,2714.7,0.1,0.2,37.7
1283,MAR,571903202,7387.5,0.6,0.2,471.5
1284,BDC,77454106,3575.3,0.6,0.4,34.3
1285,NVIC,62944W207,-0.7,0.5,0.1,-1.4
1286,BYD,103304101,-316.3,1.9,3,-22.7
1287,DECK,243537107,933.3,0.1,0.1,79.5
1288,COST,22160K105,14466.4,0.1,0.1,1256.4
1289,SDOIA,85336L109,161.8,0,0,-0.8
1290,ZARFF,989133202,-383.6,0.2,0.5,10.2
1291,PTN,696077403,268.5,0,0,-16
1292,PTEN,703481101,-1587.9,0.1,0.1,183
1293,INCY,45337C102,-442.8,-31.4,0.4,-107.7
1294,NYNY,292052305,1562.3,-2.2,0.4,-13.2
1295,ITRI,465741106,658.1,0.5,0.3,-21.6
1296,BTE,07317Q105,59.6,0.3,0.5,17
1297,URBN,917047102,822.3,0,0,153.3
1298,CNTY,156492100,212.9,0.4,0.4,3.7
1299,UFPI,913543104,656.8,0.2,0.2,37.7
1300,MACE,554335208,-26.6,0.2,0.5,-5.4
1301,NFX,651290108,4155.1,0.5,0.4,-71.6
1302,EHMEF,380355107,318.5,0.2,0.3,8.3
1303,SCHN,806882106,-115.5,0.2,0.3,34.8
1304,VIAV,925550105,-3993.7,0.2,0.1,-4264.7
1305,PRKR,701354300,-157.3,0,0,-19
1306,SHOO,556269108,-293.7,0,0,56.8
1307,EMN,277432100,-1718.8,0.5,0.5,385.8
1308,UFPT,902673102,167.9,0.2,0.5,4.5
1309,LNG,16411R208,38169.5,-3,3.8,-222.6
1310,VVIVF,91911V306,-12.8,0.3,0.2,-2.6
1311,THERF,88338H100,-266.5,0.1,0.1,-13.4
1312,MED,58470H101,191.8,0.1,0.1,9.3
1313,KIWB,49835F104,-13.7,0.2,0,-4.5
1314,HAIN,405217100,889.9,0.2,0.2,48.3
1315,CGI,150838100,-206.9,0.6,0.7,12.7
1316,MLNK,60786L206,-4626,0,0.1,-486.3
1317,MCZAF,556162105,75.1,0.1,0.1,-4.5
1318,SGMA,82661L101,39.3,0.3,1.2,1.7
1319,DAKT,234264109,82.7,0,0,15.1
1320,DSPG,23332B106,3,0,0,-2.1
1321,MLM,573284106,-451.6,0.5,0.3,144.9
1322,MINI,60740F105,-703.7,0.8,0.7,25.5
1323,TSCO,892356106,-1375.6,0,0.1,153
1324,ALB,12653101,-8110.3,0.4,0.3,199
1325,ACPQF,00653D101,-62.2,0,0,-3.6
1326,BZH,07556Q881,115.7,1.6,3.5,-18.2
1327,BNHLF,87953B109,210.3,-2.7,0.4,-10.5
1328,ARTX,42682203,-133.7,0.1,0.2,-8
1329,PBEGF,89156L108,45.4,0.1,0.3,23.6
1330,WRK,96145D105,135.5,0.7,0.9,178.2
1331,BCRX,09058V103,285.2,0.2,0.1,-28.3
1332,ZEUS,68162K106,275.4,0.3,1.1,7.2
1333,NNBR,629337106,-399.3,0.5,0.8,5.3
1334,CBRI,12601V109,446.5,0.2,0.3,-4.2
1335,SCSC,806037107,362.5,0.1,0.1,43.9
1336,RVLT,76155G206,117.7,0.2,0.2,-4.5
1337,MPAA,620071100,164.2,0.1,0.2,3
1338,BIIAF,119918100,-433.5,0.1,0.1,10.8
1339,VRX,91911K102,-11900.8,0.7,0.3,48.2
1340,GPIC,36467A107,72.3,0.1,0.1,2.4
1341,AKS,1547108,270,0.4,1.4,-151.4
1342,VVUS,928551100,484.3,0.5,0.2,-46.7
1343,MIICF,L6388F110,2169,2,1.4,482.6
1344,SILC,M84116108,15.2,0,0,5.2
1345,EXP,26969P108,-790,0.3,0.2,88.6
1346,AEO,2.55E+109,1684.1,0,0,181.1
1347,VET,923725105,-579.9,0.3,0.2,127.7
1348,NKTR,640268108,-1213,1.1,0.3,-110.8
1349,FLEX,Y2573F102,-4791.9,0.2,0.4,-248.8
1350,DVCR,255104101,108.2,0.5,3.9,1.1
1351,STKR,743465106,-172.5,0.8,0.8,-6.5
1352,RKIGF,75941H106,-169.2,0.3,1.5,-0.9
1353,SYPR,871655106,-220.2,0.3,0.8,-7.9
1354,PENN,707569109,-1767.7,-1.1,1.2,-15.8
1355,SSD,829073105,926.5,0,0,60.2
1356,LJPC,503459604,511,0,0,-28.5
1357,IMAX,4.52E+113,1182.3,1.8,0.6,9.2
1358,GRMC,381431105,3.4,0.6,0.1,-1.7
1359,FALC,306137100,-531.8,0,0,-8.8
1360,FDP,G36738105,-1191.9,0.2,0.3,100.1
1361,MATW,577128101,-364.3,0.3,0.2,55.1
1362,GEO,36162J106,1021.5,0.9,0.7,62.4
1363,TARO,M8737E108,1466.2,0.2,0.1,134.6
1364,MLR,600551204,387.7,0.1,0.3,8.3
1365,ADTN,00738A106,61.9,0.1,0,69.8
1366,AMED,23436108,370.6,0.2,0.2,-2.7
1367,EFOI,29268T300,199.1,0.1,0.1,-5.1
1368,DAR,237266101,-123.9,0.7,2.2,47.6
1369,SIRI,82968B103,-9775.7,1,1.6,-287.4
1370,WVVI,969136100,43.7,0.2,0.2,0.9
1371,RS,759509102,-259.3,0.4,0.4,242.4
1372,TIXC,888733102,23.9,2.6,0.4,-2.4
1373,TESS,872386107,19.3,0,0.1,8
1374,CETV,G20045202,385.2,0.7,12.6,-71.3
1375,TENG,89323B306,13.4,11.1,2.4,-4
1376,SSYS,M85548101,2053.9,0,0,-87.8
1377,KNX,499049104,-866.3,0.1,0,57.8
1378,AZPN,45327103,474.9,0.2,0.1,-4.1
1379,CVTI,22284P105,-264,0.5,1.5,-0.1
1380,HDSN,444144109,149.2,0.2,0.1,0.6
1381,MLLGF,625284104,687.8,0.3,0.2,64
1382,SMDM,829322304,8.1,0.1,0.1,-0.8
1383,CDOR,20676Y403,-18.5,1.9,5.5,-2.8
1384,CPHC,1.38E+105,32.6,0,0,1.7
1385,RGUS,758943104,-0.2,0,0,-0.7
1386,USAP,913837100,-27.5,0.2,0.3,7.1
1387,LTFD,537590101,-0.2,0.3,0.5,-0.6
1388,TWOC,89336R207,76.1,-0.5,4.3,1.3
1389,MIND,606501104,-70.5,0.1,0.2,1.2
1390,ESINQ,45068B109,1044.4,0.2,0.3,122.6
1391,AASP,01643P105,2.5,-1.3,20.8,-1.3
1392,TSEM,M87915274,1538.4,1.4,3,-78.8
1393,PRPH,74345W108,-71.1,0,0,-2.4
1394,CYD,G21082105,1286.6,0.1,0.4,68.2
1395,NSIT,45765U103,609.1,0.1,0.1,41.3
1396,RCII,76009N100,-763.9,0.6,0.6,73.7
1397,BRKS,114340102,-1432.7,0.1,0.1,-52.2
1398,MYMX,62856A102,13.4,-1.1,2.3,-6.4
1399,TRK,847788106,-73.7,0.4,0.5,43.2
1400,ACIW,4498101,-1256,0.3,0.1,30.9
1401,STRT,863111100,279.9,0,0,11.1
1402,DLTR,256746108,-2161.6,0.2,0.1,303.6
1403,MJDLF,560909103,266.5,0.1,0.2,14.4
1404,NATI,636518102,681.9,0,0,71.5
1405,BIRDF,09076P104,1231.5,0,0,27.5
1406,CHNR,G2110U109,-49.3,0.1,0.1,0.2
1407,RDI,755408101,41.7,0.8,1.1,1
1408,ABC,3.07E+108,19724.5,0.1,0.2,379.4
1409,PCMI,69323K100,-693.2,0,0.1,2.3
1410,TAIT,874028103,7.3,0.1,0.2,-0.5
1411,ISNS,45244C104,32.1,0,0,-1.1
1412,HLIT,413160102,602.6,0,0,-118.6
1413,RMD,761152107,9006.4,0.2,0.1,145.5
1414,SBGI,829226109,3431.7,2.7,2.1,4.6
1415,SCKT,8.34E+204,-55.6,0,0,-2.4
1416,HSTRF,89615W109,1.3,0,0,-0.4
1417,GLOW,379887201,-128.6,0.7,0.1,-10.4
1418,DISH,25470M109,16413.3,5.5,0.5,548.4
1419,HA,419879101,178,0.3,0.7,29.2
1420,NHTC,63888P406,453.8,0,0.1,1.5
1421,SYX,871851101,1138.3,0,0,2.9
1422,WAB,929740108,5060,0.3,0.2,136.3
1423,ACTG,3881307,227.6,0,0,-19.1
1424,WSTG,946760105,3,0,0,2.2
1425,DSWL,250639101,-72.4,0,0,4.5
1426,TK,Y8564W103,1222.5,1.1,2.3,79.2
1427,ATEA,4.62E+211,162.8,0,0,-1.7
1428,GVP,36227K106,6.1,0.1,0.3,-2.7
1429,DIT,02341Q205,-122,0.9,2.9,3.1
1430,WINT,97382D204,88.7,0.3,0.1,-34.1
1431,AAWW,49164205,-2502.2,0.8,5.3,62.3
1432,HBPCF,422910109,-8.5,0,0,-7.9
1433,KFRC,493732101,-62.4,0.2,0.1,10.8
1434,IART,457985208,356.7,0.6,0.3,26.8
1435,BREW,224122101,32.1,0.1,0.3,-1.2
1436,BTN,58516105,283.9,0,0,0.4
1437,SMSI,832154207,20,0,0,-12.6
1438,MD,58502B106,2862.8,0.1,0,161.9
1439,CVO,15670S402,-1597.8,8.4,5.3,-68
1440,CRAY,225223304,1297.4,0.1,0.1,0.1
1441,NOVT,67000B104,-317.8,0.1,0.1,-7.2
1442,ZCLCF,988909107,125,0.1,0.1,5.3
1443,APGI,02906V102,29.3,-0.8,0.7,-1.6
1444,MYGN,62855J104,-60.3,0,0,43.3
1445,ZCOM,45320V109,-37.4,0.2,0.7,0.2
1446,DO,25271C102,-2901.4,0.3,0.2,503.4
1447,RICK,74934Q108,82.2,0.5,0.6,3.4
1448,POOL,73278L105,-621.7,0.4,0.1,68.4
1449,RSYS,750459109,-12,0.3,0.3,-15.9
1450,DVA,23918K108,3243.5,1.3,0.6,340.6
1451,OPK,68375N103,794.3,0.2,0,-46.2
1452,HSIC,806407102,-470.2,0.2,0.1,254.4
1453,MLSS,59935P209,37,-3.4,0.1,-2.5
1454,SWM,808541106,420.6,0.3,0.2,44.2
1455,PNTR,M7946T104,-76.8,0.4,1,-1.2
1456,AEIS,7973100,1234.8,0.2,0.1,1.1
1457,EL,518439104,1309.4,0.2,0.1,538.4
1458,WAT,941848103,3033.4,0.4,0.1,298
1459,SAM,100557107,-176.4,0,0,36.3
1460,IVAC,461148108,67.9,0.2,0.2,-4.6
1461,NTAP,64110D104,10934.8,0.1,0.1,319
1462,NWPX,667746101,-89.7,0.3,0.5,6.6
1463,NVAX,670002104,2087.5,0.5,0.1,-37.9
1464,LTRE,522015106,-89.9,0,0,4.9
1465,CTXS,177376100,1650.9,0.1,0,211.4
1466,NUAN,67020Y100,1129.1,0.3,0.2,-19.8
1467,STGCF,86336Y109,-17.3,0.1,0.9,3.4
1468,SMID,832156103,16.5,0.4,0.8,0.6
1469,TGTX,88322Q108,342.6,3.5,0.7,-14.1
1470,BDR,93698108,29.9,0.2,0.6,-1.8
1471,MSM,553530106,-1710.1,0.1,0,146.3
1472,SGU,85512C105,78.6,0.6,0.8,14.8
1473,NYMX,P73398102,11.2,-0.4,0,-5.9
1474,CLB,N22717107,-847.1,0.7,0.1,107.2
1475,ASTC,46484200,-210.5,1.2,2.4,-9.7
1476,AXLE,872538103,0.2,0,0,-0.3
1477,SCCO,84265V105,-997.9,0.4,0.2,1151.2
1478,TTNP,888314309,-765.5,-0.3,0,-15.5
1479,APU,30975106,-1940.3,1.3,0.6,128.9
1480,OTEX,683715106,6791.6,0.2,0.1,74.8
1481,INBP,45811V105,21.4,-1,2.1,-3.1
1482,IDRA,45168K306,498.5,-0.1,0.1,-13.9
1483,IDSA,456314103,-8.6,0.4,0.6,-0.7
1484,ENG,293306106,34.2,0.2,0.3,0.1
1485,AOLS,00765G109,26.3,0.8,0.3,-6.9
1486,WYY,967590100,19.5,0.1,0,-2.1
1487,APT,20772109,18.7,0,0,2.3
1488,APRI,03832V307,-200.2,0,0.1,-18.3
1489,IRIX,462684101,100,0,0,-0.6
1490,LNDC,514766104,-87.6,0.1,0.1,7.4
1491,PAYD,69561N402,-17.3,-0.1,0.1,-3.3
1492,TGC,88033R502,-61.7,0.3,0.3,-1.7
1493,USAT,90328S500,72.5,0.5,0.1,-9.5
1494,LPTH,532257805,-431.7,0.1,0,-11
1495,CMCO,199333105,1567.3,0.8,1.7,4.8
1496,FORD,349862300,22.1,0,0,-0.4
1497,ALXN,15351109,72.9,0.6,0.1,80.3
1498,CSGS,126349109,703.3,0.5,0.3,50.8
1499,REV,761525609,8488.8,0.6,3.5,-36.8
1500,EVTN,29407T104,-1.7,0.1,0,-1
1501,SGRP,784933103,109.7,0.1,0.1,0.3
1502,NSFDF,62948Q107,-41.7,0,0,-2.4
1503,IRM,46284V101,683.8,1.4,0.6,120.1
1504,HUBG,443320106,907.8,0.1,0.4,39.3
1505,IDT,448947507,-1513.1,0.1,0.2,0.2
1506,ABUS,03879J100,942.4,0.1,0.6,-17.4
1507,PRGX,69357C503,-276.1,0.9,0.5,-32.7
1508,ELLO,M39927120,-156.1,0.4,0.6,1.1
1509,SPH,864482104,-731.9,1.2,0.5,79.3
1510,CENX,156431108,214.8,0.3,0.5,-80.8
1511,HEB,42366C301,-51,0,0,-13.9
1512,KVHI,482738101,73.9,0.1,0.1,1
1513,OCC,683827208,-52.8,0.1,0.2,0
1514,ALJJ,1627108,-527.4,-3.5,4,-11.1
1515,PLX,74365A101,571.9,0.7,0.1,-10.2
1516,CWCO,G23773107,199.9,0.2,0.1,6.2
1517,EPM,30049A107,137.6,0,0,3.6
1518,LORL,543881106,-3235.5,0.5,1.1,-140.2
1519,DF,242370203,35,1.1,1.1,100.8
1520,STRM,86323X106,6.9,0.2,0.2,-2
1521,CRR,140781105,1072.7,0,0,49.7
1522,TCX,898697206,44,0,0,2.4
1523,SYKE,871237103,3240.5,0,0,30.5
1524,JAKK,4.70E+110,286.3,0.2,0.4,0.3
1525,PWVI,73937M106,-4.7,-0.8,0.1,-0.8
1526,FCN,302941109,-8.1,0.4,0.3,54.4
1527,TUP,899896104,-213.7,0.5,0.3,144.1
1528,NBIX,64125C109,-242.6,0.1,0.1,-54.6
1529,EXAC,3.01E+113,74.7,0.2,0.1,9.2
1530,BOSC,M20115180,-116.8,0.1,0.3,-3.9
1531,RUSHA,781846209,-1777.2,0.3,1,35.3
1532,ELED,30162U104,-69.3,-0.2,2.9,-4.9
1533,ASNB,00767T109,2.2,0.7,0.6,-1.6
1534,CASI,14757U109,-232.6,0.9,0.1,-21.9
1535,TRLI,897887204,-2.5,0,8.8,-1.4
1536,ANSS,03662Q105,3484.5,0,0,110.2
1537,ARDM,38505400,-65.5,1.7,0.2,-20
1538,ELGX,29266S106,718.5,0.1,0,-16.2
1539,BVSN,111412706,-1926.2,0.1,0.1,-77.6
1540,ECIA,29254Q104,-1.8,0,0,-0.4
1541,GWR,371559105,4386.1,0.4,0.4,94.3
1542,GLAE,377185103,-403.1,0,0,-42.5
1543,ICTSF,N43837108,31.2,-3,1.7,-1.7
1544,FDS,303075105,352.5,0,0,119
1545,CHKP,M22465104,-4409.2,0,0,404.1
1546,QGEN,N72482123,1648.3,0.4,0.2,78.8
1547,EVSNF,M37576135,7.5,0.1,0.2,-2.1
1548,KDUS,127639102,21.3,0,0,0.8
1549,PEGA,705573103,117.5,0,0,13.9
1550,MGTI,55302P202,20.9,0,0,-13.9
1551,STRA,863236105,609.2,0.2,0,56.4
1552,HDYNQ,448954206,97.7,0.1,0,-17.8
1553,WHLM,968235200,-187.8,0,0,-6.2
1554,GERN,374163103,-329.3,0.1,0,-51.1
1555,TTEC,89854H102,335.2,0.1,0.1,45.2
1556,LAMR,512816109,-895.9,1.4,0.6,19.5
1557,AMAR,02301P205,-14.4,-0.4,0.4,-1
1558,GES,401617105,2438.6,0.1,0.1,121
1559,PURE,74621T209,47.1,0.1,0,-5.3
1560,AWRE,05453N100,141,0,0,4.4
1561,CSV,143905107,28.6,0.6,3,-0.8
1562,EGHSF,292949104,598.4,0,0,13.1
1563,BIOS,09069N108,705,0.5,0.5,-34.1
1564,WG,969203108,274.7,0.3,0.5,-34.1
1565,TACT,892918103,-27.7,0,0,1.5
1566,SRCL,858912108,-1874.8,0.7,0.2,153.1
1567,MVIS,594960304,-46.5,0.1,0,-27.7
1568,MMAC,55315D105,-1000.6,0.8,56.2,-7.7
1569,AEZS,7975402,210.2,0.1,0.1,-16.6
1570,QEPC,74727K102,49.7,0.2,0.5,3.8
1571,VLNSF,922932108,442.1,0,0,16.8
1572,WLFC,970646105,84.4,1.9,5.9,10.3
1573,CPN,131347304,-13866.3,1.5,13.8,-405.5
1574,ANF,2896207,5153.6,0,0,194
1575,ENDP,G30401106,-630.8,0.4,0.3,-128.1
1576,SPPI,84763A108,948.1,0.1,0.1,-18.1
1577,EDGW,280358102,1976.2,0,0,-6
1578,ATRS,36642106,179.6,0.1,0,-13.3
1579,DVD,260174107,-101.8,0.3,0.3,-1.5
1580,NCI,63935N107,-493,0.1,0.1,16.8
1581,BJRI,09180C106,-86.8,0,0,15.6
1582,SPYR,85219Y103,45.7,-0.3,0.7,-1.1
1583,HIBB,428567101,-113.6,0,0,40
1584,ARQL,4.27E+110,-222.1,0,0,-28
1585,AMTY,03073V107,-7.1,0,0,-3.1
1586,PAG,70959W103,1893.8,0.3,0.7,106
1587,USNA,90328M107,513.5,0.1,0.1,41.7
1588,SSI,85254C305,309.6,0.1,0.1,33.6
1589,TGI,896818101,-2487.9,0.3,0.4,36.9
1590,NOV,637071101,5769.1,0.2,0.1,1020.2
1591,PBIO,7.41E+212,-60.3,0.1,0.1,-1.9
1592,UNFI,911163103,265.8,0.1,0.1,58.3
1593,DAVE,307068106,-20.3,0.3,0.3,3.2
1594,SEAC,811699107,273,0,0,-5.1
1595,HCHC,404139107,-3574.5,7.6,9.6,-22.7
1596,PLUS,294268107,433.3,0.4,0.8,20.6
1597,HPTO,440271203,-119.2,0,0,-4.2
1598,NUS,67018T105,1299.2,0.2,0.1,114.2
1599,STLD,858119100,1624,0.7,0.6,192.4
1600,TISA,M87896102,-39.6,0.2,0.2,-2
1601,FORR,346563109,42.1,0,0,15.5
1602,GEL,371927104,988.6,0.4,0.3,45
1603,PRBZF,74061A108,355.7,0.5,0.5,8.4
1604,CLOK,17253H100,-9.1,4.1,0.1,-2
1605,VSAT,92552V100,2127,0.2,0.1,15.4
1606,IDGBF,45567S108,1284.5,0.1,0.2,10.1
1607,TOLWF,895945103,-1300,0.2,0.5,9.4
1608,HIHO,G4481U106,39.4,0,0.1,0.3
1609,DEL,247850100,-124.6,0.4,0.2,9.2
1610,DPW,2.61E+109,12.1,0,0,-0.6
1611,DGX,74834L100,-2551.4,0.5,0.3,510.4
1612,LAD,536797103,1718.2,0.3,0.9,37.9
1613,TSDRF,898530100,29.7,-0.1,0.2,-1.8
1614,DXPE,233377407,-473.7,0.7,2.2,5.9
1615,SNHY,866942105,1435.4,0.1,0.1,19.2
1616,LIFZF,505440107,-55.7,0.1,0,91.2
1617,CALM,128030202,1.2,0.4,0.6,74.2
1618,ELTK,M40184208,-13,0.2,0.6,-0.5
1619,NSP,45778Q107,941.3,0,0,27.1
1620,MDSYF,M70378100,-110.5,0.1,0.2,-9.5
1621,CERS,157085101,47.2,0.1,0,-31.9
1622,VCEL,92346J108,46.7,0,0,-15.1
1623,MTN,91879Q109,-1552.1,0.5,0.5,35.4
1624,GOGL,G39637205,2865,0.5,0.8,17.6
1625,CIEN,171779309,3920.9,1.2,0.6,-385.5
1626,SLGN,827048109,-2080.8,1.2,1.1,118
1627,KMX,143130102,6227.8,0.8,0.4,267
1628,TIVO,88870P106,-1710.7,0.3,0.3,-4.7
1629,CLWT,G32030127,-8.3,0,0,0.2
1630,CMDXF,205249105,267.9,0,0,13.3
1631,PFTI,746091107,-60.1,-1.3,1,-2.8
1632,CTIC,12648L601,-292.3,-0.4,0.7,-107.4
1633,APWC,G0535E106,107.6,0,0.3,2.6
1634,CBI,167250109,888.4,0.1,0.1,117.1
1635,GIFI,402307102,182,0,0,10.3
1636,NPIFF,666511100,7314.1,0.7,0.5,14.4
1637,TTWO,874054109,4025.9,0.1,0.1,-6.9
1638,GBRRF,361970106,370.5,0.1,0,-50.3
1639,EMKR,290846203,-469.6,0.5,0.4,-29.8
1640,BKYI,09060C309,23.6,0,0.2,-2.5
1641,ANCUF,01626P403,9047.9,0.3,0.2,409.6
1642,CYPXF,26884V107,-175.8,0.2,0.2,-8.3
1643,GBT.,05561N208,-62.1,0,0,47.6
1644,ALV,52800109,6071.9,0.2,0.3,328.6
1645,RMBS,750917106,731,0.3,0.1,-7
1646,AMZN,23135106,80594.8,-15.1,0.1,215.1
1647,WILC,M52523103,62,0,0,3.9
1648,MTSL,M69676209,-30.5,0,0,-1.6
1649,CDPYF,134921105,988.9,1.4,1.2,118.7
1650,KMG,482564101,-80,0.3,0.3,6.5
1651,QRVO,74736K101,274.5,0.4,0.3,-31.3
1652,SRPT,803607100,2913.3,0,0,-67.8
1653,RL,751212101,-2307.1,0.1,0.1,398.9
1654,MMS,577933104,-386,0,0,57
1655,ISYRF,4.61E+108,42.3,0,0,-7.3
1656,INTT,461147100,87.9,0,0,-0.2
1657,SLP,829214105,28.4,0,0,1.7
1658,GRIF,398231100,210.5,0.4,0.4,1.5
1659,SRT,85569C107,-139,0,0,0.6
1660,NXCN,629471103,-2.3,0,0.1,-0.2
1661,FIX,199908104,293.6,0.1,0.3,1.4
1662,HLX,42330P107,2503.4,0.4,0.6,25.7
1663,AROC,03957W106,-1325.4,0.8,1.3,-126.7
1664,HSKA,42805E306,88.2,0,0,-0.6
1665,3GTHP,40171F303,-49,-0.5,0.4,-5.5
1666,QUIK,74837P108,-253.2,0.1,0,-10.1
1667,CXW,21871N101,-1924.1,0.8,1.5,80
1668,ONSM,682875208,-98.7,0.5,0.5,-7.9
1669,CGNT,19243A104,150.8,0.1,0.1,-3.6
1670,CRZO,144577103,2148.3,0.8,0.5,-59
1671,QADA,74727D306,712.2,0.1,0.1,3.9
1672,RNKFF,98212M109,123.8,0.4,0.8,-0.7
1673,HMNY,42327L200,-78.5,0,0,-2.3
1674,SYNT,87162H103,-2755.6,0,0,102.2
1675,INIS,45972C102,-103.3,1.1,1.3,-4.8
1676,AEHR,00760J108,87.4,0.1,0,-3.7
1677,PSMT,741511109,636.5,0.2,0.3,28.6
1678,VTSI,92827K202,15.3,-0.2,0.1,0.3
1679,OMEX,676118201,48.8,1.1,0.1,-13.7
1680,SIGA,826917106,857.5,0.1,0,-26.6
1681,ESLT,M3760D101,627.6,0.1,0.2,126.3
1682,MTOR,59001K100,-318.8,0.6,1.4,-51.4
1683,PETS,716382106,307.9,0,0,15.5
1684,YUM,988498101,-1425,0.7,0.2,930.2
1685,FARO,311642102,687.4,0,0,11.4
1686,PLCE,168905107,491.5,0,0,51.2
1687,MRETF,573459104,209.2,0.2,0.5,16.1
1688,SPB,84763R101,-1158.3,0.6,3.9,-45.7
1689,RDCM,M81865111,168.2,0,0.1,-3.2
1690,TFRFF,M87482119,-233.2,0.4,1.4,-5.7
1691,AMEN,23477300,-25.7,0.4,0.5,-0.1
1692,NAT,G65773106,1024.3,0.2,0.2,15.8
1693,INVE,45170X205,-235,0.1,0.1,-23.6
1694,NRCIA,637372202,58.9,0.1,0.1,8.6
1695,SRI,86183P102,230.5,0.7,1,-7.9
1696,RBA,767744105,4069,0.2,0.1,66.4
1697,OSIS,671044105,426.2,0,0.1,18.6
1698,CHRW,12541W209,777,0.1,0,300.3
1699,SAPIF,802912105,-2703.1,0.3,0.1,332.8
1700,SUUIF,86828P103,-2454.4,0.7,0.7,42.4
1701,CHH,169905106,1066.2,6.1,0.2,94.1
1702,MGRUF,617914106,396,1.1,1.3,76.8
1703,DRQ,262037104,2095.6,0.1,0,86.2
1704,SNSGF,816923205,-8.6,-0.1,0.3,-1.1
1705,CWST,147448104,-260.7,2.2,2.7,-24.4
1706,HPPI,42278K102,60.1,0.7,1,-1.9
1707,GPI,398905109,-1019.7,0.2,0.6,63.4
1708,CSU,140475104,396.1,1.6,1.6,-2.6
1709,CTIB,125961300,9.9,0.3,1.4,0.3
1710,MTD,592688105,-320.9,0.3,0.1,191
1711,CPFH,140144205,-3.1,0.2,0.7,-0.3
1712,RBYCF,780911509,238.9,0,0,-21.1
1713,ECTE,27876L206,56.8,0,0,-8.9
1714,SAH,83545G102,141.8,0.3,1,34.5
1715,CTHR,159765106,-51.1,0,0,-0.5
1716,PGNX,743187106,834.8,0,0,-30.2
1717,GEOS,37364X109,91.2,0.1,0,12.8
1718,RNWK,75605L708,-790.2,0,0,-25.8
1719,BASI,09058M103,-13.3,0.4,0.7,-0.9
1720,AUMN,381119106,-405,1.8,0.8,-62.3
1721,BASCF,705343309,-2.5,0.4,0.2,-0.5
1722,NANX,630079101,-5.3,0,0,-4.3
1723,DEPO,249908104,-108.1,0.4,0.1,-0.4
1724,EVHC,29414D100,1139.1,0.4,0.3,49.1
1725,BB,09228F103,-2145.2,0.1,0.1,267.7
1726,MHTX,563122100,0.4,0.3,0,-1.8
1727,ICPBF,45769T102,-45,0,0,0.8
1728,INGR,457187102,3056.2,0.4,0.3,201.5
1729,POWI,739276103,388.9,0,0,22.3
1730,URI,911363109,-7727.1,1.9,2.3,76
1731,PAWEF,64157G101,0.5,0,0,-2.6
1732,SOYL,02968P100,-6.7,-0.2,0.4,-1.4
1733,LIXXF,536816101,77.9,-2.2,0.4,-1.6
1734,SCS,858155203,565.6,0.2,0.2,40.1
1735,ACY,7737109,46,1.3,6.2,1.3
1736,IPPLF,45833V109,6984.6,0.7,0.5,162.9
1737,DSGX,249906108,-1138,0.1,0.1,-11.8
1738,TALN,87484F108,-20.8,-0.1,1.3,-3.4
1739,RMTI,774374102,188.2,0.1,0,-11.7
1740,IESC,44951W106,316.5,0.3,0.6,-33.6
1741,CRME,14159U301,308.4,0.3,0.1,-22.4
1742,CECO,141665109,-685.7,0,0,40.6
1743,MRCY,589378108,3651.7,0.2,0.2,9
1744,WTSHF,96145A200,457.8,0.1,0,86
1745,PWR,7.48E+106,-1928.3,0.2,0.3,102.6
1746,ZAAP,98912M201,-46.4,0.2,0.3,-16
1747,WARGF,933901308,-1.1,0,0,-2.1
1748,CNXN,69318J100,290.2,0,0,19.8
1749,SRDX,868873100,251.1,0,0,7.6
1750,CIX,20563P101,214.3,0.2,0.2,7.1
1751,BDMS,91283200,-5.8,0.4,0.4,1
1752,UBSBF,501282107,-352.5,0,0.1,-5.2
1753,VDSI,92230Y104,393.2,0.1,0,12.1
1754,INO,45773H201,311.6,0,0,-18.6
1755,LOGI,H50430232,2191.9,0.1,0,93.2
1756,AETUF,00208D408,-379.3,0.2,0.1,244.8
1757,DTGI,25375L206,-59.4,-2.2,1,-3.1
1758,AMT,03027X100,-11372,1.4,0.8,100.3
1759,AHNMF,03958A103,8.4,0.8,0,-1.2
1760,CYPYF,232792309,-48.7,2.3,0.4,-1
1761,ASOLF,04364G106,233.6,0,0,-2
1762,MMTIF,59509P106,-41.3,0,0,-4.5
1763,BADFF,05651W209,97.7,0.3,0.3,19.1
1764,BEVFF,255331100,-258.9,0,0,-1.2
1765,BRLXF,09950M300,1266.3,1.1,1.3,10.4
1766,IDIFF,G476M1108,-9.9,0,0,-1.9
1767,NWXPF,651853103,-88.8,0,0,-1
1768,CWYUF,83179X108,-1339.6,1.1,1.2,149.5
1769,JGFCF,47008T109,10.7,0,0,-2.7
1770,CLKFF,181901109,-87.1,0.4,0.7,13.3
1771,COLM,198516106,3207.7,0,0,109.7
1772,AJXGF,00847V108,33.7,0,0,-7.4
1773,ASKDD,32016U207,2,0,0,-1.6
1774,CTDH,12642Q101,17.8,0.3,0.2,-0.2
1775,NGD,644535106,3464,0.2,0.3,-42.5
1776,PEYUF,717046106,-228.1,0.4,0.2,122.4
1777,DGCRF,251912101,-28.8,0,0,-5.1
1778,NRIFF,67092F104,11.3,0.1,0.1,-7.7
1779,ELTP,28659T200,71.4,0.3,0.1,-10.9
1780,MDNNF,654454107,-13.5,0.2,0.1,-3.5
1781,FPPP,316570100,4.2,0.4,0.3,-0.2
1782,FQVLF,335934105,6432.5,0.3,0.4,292.4
